<?xml version="1.0" encoding="UTF-8" standalone="yes"?>
<Earth_Explorer_File xmlns="http://gs2.esa.int/DATA_STRUCTURE/olqcReport">
    <Earth_Explorer_Header>
        <Fixed_Header>
            <File_Name>S2A_OPER_MSI_L1C_DS_S2RP_20230714T113326_S20191013T022634_FORMAT_CORRECTNESS_report.xml</File_Name>
            <File_Description>Report produced by OLQC-SC</File_Description>
            <Notes></Notes>
            <Mission>S2A</Mission>
            <File_Class>OPER</File_Class>
            <File_Type>REP_OLQCPA</File_Type>
            <Validity_Period>
                <Validity_Start>UTC=2015-06-22T00:00:00</Validity_Start>
                <Validity_Stop>UTC=2100-01-01T00:00:00</Validity_Stop>
            </Validity_Period>
            <File_Version>2</File_Version>
            <Source>
                <System>OLQC-SC</System>
                <Creator>OLQC-SC</Creator>
                <Creator_Version>06.01.00</Creator_Version>
                <Creation_Date>UTC=2023-07-14T23:03:22</Creation_Date>
            </Source>
        </Fixed_Header>
    </Earth_Explorer_Header>
    <Data_Block type="xml">
        <report gippVersion="1.0" globalStatus="PASSED" date="2023-07-14T23:03:22.334Z">
            <checkList>
                <parentID>S2A_OPER_GIP_OLQCPA_MPC__20220715T000042_V20150622T000000</parentID>
                <name>FORMAT_CORRECTNESS</name>
                <version>1.0</version>
                <item url="/DATA_OUT/S2A_OPER_MSI_L0__DS_EPAE_20191013T035908_S20191013T022634_N02.08/S2PDGS-TC-IPF-V2-ORCH-N-016_MPC_SCENARIO/TaskTable_20230714T113328/FORMAT_METADATA_DS_L1C/output/PDI_DS/S2A_OPER_MSI_L1C_DS_S2RP_20230714T113326_S20191013T022634_N05.00/" className="PDI Level 1C Datastrip Folder" name="S2A_OPER_MSI_L1C_DS_S2RP_20230714T113326_S20191013T022634_N05.00" class="http://www.esa.int/s2#pdi_level_1c_datastrip_container"/>
                <check>
                    <inspection creation="2023-07-14T23:03:22.212Z" duration="36" execution="2023-07-14T23:03:22.289Z" id="indexClassification" item="S2A_OPER_MSI_L1C_DS_S2RP_20230714T113326_S20191013T022634_N05.00" itemURL="/DATA_OUT/S2A_OPER_MSI_L0__DS_EPAE_20191013T035908_S20191013T022634_N02.08/S2PDGS-TC-IPF-V2-ORCH-N-016_MPC_SCENARIO/TaskTable_20230714T113328/FORMAT_METADATA_DS_L1C/output/PDI_DS/S2A_OPER_MSI_L1C_DS_S2RP_20230714T113326_S20191013T022634_N05.00/" name="Checks if Index Classification is correctly defined. " priority="5" processingStatus="done" status="PASSED"/>
                    <message contentType="text/plain">No Index classification in product.</message>
                </check>
                <check>
                    <inspection creation="2023-07-14T23:03:22.336Z" duration="29" execution="2023-07-14T23:03:22.352Z" id="orbitReferenceCategory" item="S2A_OPER_MSI_L1C_DS_S2RP_20230714T113326_S20191013T022634_N05.00" itemURL="/DATA_OUT/S2A_OPER_MSI_L0__DS_EPAE_20191013T035908_S20191013T022634_N02.08/S2PDGS-TC-IPF-V2-ORCH-N-016_MPC_SCENARIO/TaskTable_20230714T113328/FORMAT_METADATA_DS_L1C/output/PDI_DS/S2A_OPER_MSI_L1C_DS_S2RP_20230714T113326_S20191013T022634_N05.00/" name="Checks if Orbit Reference Category is correctly defined. " priority="5" processingStatus="done" status="PASSED"/>
                    <message contentType="text/plain">Category ok for : measurementOrbitReference</message>
                </check>
                <check>
                    <inspection creation="2023-07-14T23:03:22.386Z" duration="25" execution="2023-07-14T23:03:22.404Z" id="annotationClassification" item="S2A_OPER_MSI_L1C_DS_S2RP_20230714T113326_S20191013T022634_N05.00" itemURL="/DATA_OUT/S2A_OPER_MSI_L0__DS_EPAE_20191013T035908_S20191013T022634_N02.08/S2PDGS-TC-IPF-V2-ORCH-N-016_MPC_SCENARIO/TaskTable_20230714T113328/FORMAT_METADATA_DS_L1C/output/PDI_DS/S2A_OPER_MSI_L1C_DS_S2RP_20230714T113326_S20191013T022634_N05.00/" name="Checks if Annotation Classification is correctly defined. " priority="5" processingStatus="done" status="PASSED"/>
                    <message contentType="text/plain">No Index classification in product.</message>
                </check>
                <check>
                    <inspection creation="2023-07-14T23:03:22.434Z" duration="139" execution="2023-07-14T23:03:22.512Z" id="idReferences" item="S2A_OPER_MSI_L1C_DS_S2RP_20230714T113326_S20191013T022634_N05.00" itemURL="/DATA_OUT/S2A_OPER_MSI_L0__DS_EPAE_20191013T035908_S20191013T022634_N02.08/S2PDGS-TC-IPF-V2-ORCH-N-016_MPC_SCENARIO/TaskTable_20230714T113328/FORMAT_METADATA_DS_L1C/output/PDI_DS/S2A_OPER_MSI_L1C_DS_S2RP_20230714T113326_S20191013T022634_N05.00/" name="Checks if all the Id References defined in the product are valid. " priority="5" processingStatus="done" status="PASSED"/>
                    <message contentType="text/plain">All the Id References defined in the product are valid.</message>
                </check>
                <check>
                    <inspection creation="2023-07-14T23:03:22.655Z" duration="3" execution="2023-07-14T23:03:22.662Z" id="processingClassification" item="S2A_OPER_MSI_L1C_DS_S2RP_20230714T113326_S20191013T022634_N05.00" itemURL="/DATA_OUT/S2A_OPER_MSI_L0__DS_EPAE_20191013T035908_S20191013T022634_N02.08/S2PDGS-TC-IPF-V2-ORCH-N-016_MPC_SCENARIO/TaskTable_20230714T113328/FORMAT_METADATA_DS_L1C/output/PDI_DS/S2A_OPER_MSI_L1C_DS_S2RP_20230714T113326_S20191013T022634_N05.00/" name="Checks if Processing Classification is correctly defined. " priority="5" processingStatus="done" status="PASSED"/>
                    <message contentType="text/plain">Processing Classification is Ok.</message>
                </check>
                <check>
                    <inspection creation="2023-07-14T23:03:22.669Z" duration="12" execution="2023-07-14T23:03:22.680Z" id="gridReferenceClassification" item="S2A_OPER_MSI_L1C_DS_S2RP_20230714T113326_S20191013T022634_N05.00" itemURL="/DATA_OUT/S2A_OPER_MSI_L0__DS_EPAE_20191013T035908_S20191013T022634_N02.08/S2PDGS-TC-IPF-V2-ORCH-N-016_MPC_SCENARIO/TaskTable_20230714T113328/FORMAT_METADATA_DS_L1C/output/PDI_DS/S2A_OPER_MSI_L1C_DS_S2RP_20230714T113326_S20191013T022634_N05.00/" name="Checks if Grid Reference Classification is correctly defined. " priority="5" processingStatus="done" status="PASSED"/>
                    <message contentType="text/plain">No Index classification in product.</message>
                </check>
                <check>
                    <inspection creation="2023-07-14T23:03:22.700Z" duration="3" execution="2023-07-14T23:03:22.708Z" id="acquisitionPeriodExists" item="S2A_OPER_MSI_L1C_DS_S2RP_20230714T113326_S20191013T022634_N05.00" itemURL="/DATA_OUT/S2A_OPER_MSI_L0__DS_EPAE_20191013T035908_S20191013T022634_N02.08/S2PDGS-TC-IPF-V2-ORCH-N-016_MPC_SCENARIO/TaskTable_20230714T113328/FORMAT_METADATA_DS_L1C/output/PDI_DS/S2A_OPER_MSI_L1C_DS_S2RP_20230714T113326_S20191013T022634_N05.00/" name="Checks if Acquisition Period is present. " priority="5" processingStatus="done" status="PASSED"/>
                    <message contentType="text/plain">Acquisition Period exists.</message>
                </check>
                <check>
                    <inspection creation="2023-07-14T23:03:22.716Z" duration="31" execution="2023-07-14T23:03:22.727Z" id="orbitReferenceClassification" item="S2A_OPER_MSI_L1C_DS_S2RP_20230714T113326_S20191013T022634_N05.00" itemURL="/DATA_OUT/S2A_OPER_MSI_L0__DS_EPAE_20191013T035908_S20191013T022634_N02.08/S2PDGS-TC-IPF-V2-ORCH-N-016_MPC_SCENARIO/TaskTable_20230714T113328/FORMAT_METADATA_DS_L1C/output/PDI_DS/S2A_OPER_MSI_L1C_DS_S2RP_20230714T113326_S20191013T022634_N05.00/" name="Checks if Orbit Reference Classification is correctly defined. " priority="5" processingStatus="done" status="PASSED"/>
                    <message contentType="text/plain">Classification ok for : measurementOrbitReference</message>
                </check>
                <check>
                    <inspection creation="2023-07-14T23:03:22.762Z" duration="11" execution="2023-07-14T23:03:22.773Z" id="informationClassification" item="S2A_OPER_MSI_L1C_DS_S2RP_20230714T113326_S20191013T022634_N05.00" itemURL="/DATA_OUT/S2A_OPER_MSI_L0__DS_EPAE_20191013T035908_S20191013T022634_N02.08/S2PDGS-TC-IPF-V2-ORCH-N-016_MPC_SCENARIO/TaskTable_20230714T113328/FORMAT_METADATA_DS_L1C/output/PDI_DS/S2A_OPER_MSI_L1C_DS_S2RP_20230714T113326_S20191013T022634_N05.00/" name="Checks if Information Classification is correctly defined. " priority="5" processingStatus="done" status="PASSED"/>
                    <message contentType="text/plain">Classification ok for : S2_Level-1C_Datastrip_Information</message>
                </check>
                <check>
                    <inspection creation="2023-07-14T23:03:22.788Z" duration="12" execution="2023-07-14T23:03:22.798Z" id="schemaClassification" item="S2A_OPER_MSI_L1C_DS_S2RP_20230714T113326_S20191013T022634_N05.00" itemURL="/DATA_OUT/S2A_OPER_MSI_L0__DS_EPAE_20191013T035908_S20191013T022634_N02.08/S2PDGS-TC-IPF-V2-ORCH-N-016_MPC_SCENARIO/TaskTable_20230714T113328/FORMAT_METADATA_DS_L1C/output/PDI_DS/S2A_OPER_MSI_L1C_DS_S2RP_20230714T113326_S20191013T022634_N05.00/" name="Checks if Schema Classification is correctly defined. " priority="5" processingStatus="done" status="PASSED"/>
                    <message contentType="text/plain">Classification ok for : S2_Level-1C_Datastrip_Schema, Inventory_Metadata_Schema, OLQC_Report_Schema</message>
                </check>
                <check>
                    <inspection creation="2023-07-14T23:03:22.813Z" duration="11" execution="2023-07-14T23:03:22.824Z" id="qualityInformationClassification" item="S2A_OPER_MSI_L1C_DS_S2RP_20230714T113326_S20191013T022634_N05.00" itemURL="/DATA_OUT/S2A_OPER_MSI_L0__DS_EPAE_20191013T035908_S20191013T022634_N02.08/S2PDGS-TC-IPF-V2-ORCH-N-016_MPC_SCENARIO/TaskTable_20230714T113328/FORMAT_METADATA_DS_L1C/output/PDI_DS/S2A_OPER_MSI_L1C_DS_S2RP_20230714T113326_S20191013T022634_N05.00/" name="Checks if Quality Information Classification is correctly defined. " priority="5" processingStatus="done" status="PASSED"/>
                    <message contentType="text/plain">No Index classification in product.</message>
                </check>
                <check>
                    <inspection creation="2023-07-14T23:03:22.839Z" duration="12" execution="2023-07-14T23:03:22.851Z" id="frameSetClassification" item="S2A_OPER_MSI_L1C_DS_S2RP_20230714T113326_S20191013T022634_N05.00" itemURL="/DATA_OUT/S2A_OPER_MSI_L0__DS_EPAE_20191013T035908_S20191013T022634_N02.08/S2PDGS-TC-IPF-V2-ORCH-N-016_MPC_SCENARIO/TaskTable_20230714T113328/FORMAT_METADATA_DS_L1C/output/PDI_DS/S2A_OPER_MSI_L1C_DS_S2RP_20230714T113326_S20191013T022634_N05.00/" name="Checks if MeasurementFrameSet Classification is correctly defined. " priority="5" processingStatus="done" status="PASSED"/>
                    <message contentType="text/plain">Classification ok for : measurementFrameSet</message>
                </check>
                <check>
                    <inspection creation="2023-07-14T23:03:22.866Z" duration="12" execution="2023-07-14T23:03:22.878Z" id="frameSetCategory" item="S2A_OPER_MSI_L1C_DS_S2RP_20230714T113326_S20191013T022634_N05.00" itemURL="/DATA_OUT/S2A_OPER_MSI_L0__DS_EPAE_20191013T035908_S20191013T022634_N02.08/S2PDGS-TC-IPF-V2-ORCH-N-016_MPC_SCENARIO/TaskTable_20230714T113328/FORMAT_METADATA_DS_L1C/output/PDI_DS/S2A_OPER_MSI_L1C_DS_S2RP_20230714T113326_S20191013T022634_N05.00/" name="Checks if MeasurementFrameSet Category is correctly defined. " priority="5" processingStatus="done" status="PASSED"/>
                    <message contentType="text/plain">Category ok for : measurementFrameSet</message>
                </check>
                <check>
                    <inspection creation="2023-07-14T23:03:22.894Z" duration="3" execution="2023-07-14T23:03:22.899Z" id="checkSafeManifest" item="S2A_OPER_MSI_L1C_DS_S2RP_20230714T113326_S20191013T022634_N05.00" itemURL="/DATA_OUT/S2A_OPER_MSI_L0__DS_EPAE_20191013T035908_S20191013T022634_N02.08/S2PDGS-TC-IPF-V2-ORCH-N-016_MPC_SCENARIO/TaskTable_20230714T113328/FORMAT_METADATA_DS_L1C/output/PDI_DS/S2A_OPER_MSI_L1C_DS_S2RP_20230714T113326_S20191013T022634_N05.00/" name="Safe Manifest check. " priority="5" processingStatus="done" status="PASSED"/>
                    <message contentType="text/plain">Safe manifest present.</message>
                </check>
                <check>
                    <inspection creation="2023-07-14T23:03:22.905Z" duration="3" execution="2023-07-14T23:03:22.912Z" id="platformClassification" item="S2A_OPER_MSI_L1C_DS_S2RP_20230714T113326_S20191013T022634_N05.00" itemURL="/DATA_OUT/S2A_OPER_MSI_L0__DS_EPAE_20191013T035908_S20191013T022634_N02.08/S2PDGS-TC-IPF-V2-ORCH-N-016_MPC_SCENARIO/TaskTable_20230714T113328/FORMAT_METADATA_DS_L1C/output/PDI_DS/S2A_OPER_MSI_L1C_DS_S2RP_20230714T113326_S20191013T022634_N05.00/" name="Checks if Platform Classification is correctly defined. " priority="5" processingStatus="done" status="PASSED"/>
                    <message contentType="text/plain">Platform Classification is Ok.</message>
                </check>
                <check>
                    <inspection creation="2023-07-14T23:03:22.918Z" duration="11" execution="2023-07-14T23:03:22.929Z" id="indexCategory" item="S2A_OPER_MSI_L1C_DS_S2RP_20230714T113326_S20191013T022634_N05.00" itemURL="/DATA_OUT/S2A_OPER_MSI_L0__DS_EPAE_20191013T035908_S20191013T022634_N02.08/S2PDGS-TC-IPF-V2-ORCH-N-016_MPC_SCENARIO/TaskTable_20230714T113328/FORMAT_METADATA_DS_L1C/output/PDI_DS/S2A_OPER_MSI_L1C_DS_S2RP_20230714T113326_S20191013T022634_N05.00/" name="Checks if Index Category is correctly defined. " priority="5" processingStatus="done" status="PASSED"/>
                    <message contentType="text/plain">No Index classification in product.</message>
                </check>
                <check>
                    <inspection creation="2023-07-14T23:03:22.943Z" duration="12" execution="2023-07-14T23:03:22.955Z" id="informationCategory" item="S2A_OPER_MSI_L1C_DS_S2RP_20230714T113326_S20191013T022634_N05.00" itemURL="/DATA_OUT/S2A_OPER_MSI_L0__DS_EPAE_20191013T035908_S20191013T022634_N02.08/S2PDGS-TC-IPF-V2-ORCH-N-016_MPC_SCENARIO/TaskTable_20230714T113328/FORMAT_METADATA_DS_L1C/output/PDI_DS/S2A_OPER_MSI_L1C_DS_S2RP_20230714T113326_S20191013T022634_N05.00/" name="Checks if Information Category is correctly defined. " priority="5" processingStatus="done" status="PASSED"/>
                    <message contentType="text/plain">Category ok for : S2_Level-1C_Datastrip_Information</message>
                </check>
                <check>
                    <inspection creation="2023-07-14T23:03:22.970Z" duration="11" execution="2023-07-14T23:03:22.984Z" id="hrefExist" item="S2A_OPER_MSI_L1C_DS_S2RP_20230714T113326_S20191013T022634_N05.00" itemURL="/DATA_OUT/S2A_OPER_MSI_L0__DS_EPAE_20191013T035908_S20191013T022634_N02.08/S2PDGS-TC-IPF-V2-ORCH-N-016_MPC_SCENARIO/TaskTable_20230714T113328/FORMAT_METADATA_DS_L1C/output/PDI_DS/S2A_OPER_MSI_L1C_DS_S2RP_20230714T113326_S20191013T022634_N05.00/" name="Checks if all external references are present in the product directory. " priority="5" processingStatus="done" status="PASSED"/>
                    <message contentType="text/plain">All external references are present in the product directory.</message>
                </check>
                <check>
                    <inspection creation="2023-07-14T23:03:28.815Z" duration="1" execution="2023-07-14T23:03:28.821Z" id="Start_Stop_Time" item="S2A_OPER_MTD_L1C_DS_S2RP_20230714T113326_S20191013T022634.xml" itemURL="/DATA_OUT/S2A_OPER_MSI_L0__DS_EPAE_20191013T035908_S20191013T022634_N02.08/S2PDGS-TC-IPF-V2-ORCH-N-016_MPC_SCENARIO/TaskTable_20230714T113328/FORMAT_METADATA_DS_L1C/output/PDI_DS/S2A_OPER_MSI_L1C_DS_S2RP_20230714T113326_S20191013T022634_N05.00/S2A_OPER_MTD_L1C_DS_S2RP_20230714T113326_S20191013T022634.xml" name="Check start/stop time validity. " priority="5" processingStatus="done" status="PASSED"/>
                    <message contentType="text/plain">Sensing period is valid. </message>
                    <extraValues>
                        <value name="SENSING_START">2019-10-13T02:26:34.456Z</value>
                        <value name="SENSING_STOP">2019-10-13T02:43:13.809Z</value>
                    </extraValues>
                </check>
                <check>
                    <inspection creation="2023-07-14T23:03:28.825Z" duration="7" execution="2023-07-14T23:03:28.833Z" id="annotationCategory" item="S2A_OPER_MSI_L1C_DS_S2RP_20230714T113326_S20191013T022634_N05.00" itemURL="/DATA_OUT/S2A_OPER_MSI_L0__DS_EPAE_20191013T035908_S20191013T022634_N02.08/S2PDGS-TC-IPF-V2-ORCH-N-016_MPC_SCENARIO/TaskTable_20230714T113328/FORMAT_METADATA_DS_L1C/output/PDI_DS/S2A_OPER_MSI_L1C_DS_S2RP_20230714T113326_S20191013T022634_N05.00/" name="Checks if Annotation Category is correctly defined. " priority="5" processingStatus="done" status="PASSED"/>
                    <message contentType="text/plain">No Index classification in product.</message>
                </check>
                <check>
                    <inspection creation="2023-07-14T23:03:28.843Z" duration="7" execution="2023-07-14T23:03:28.850Z" id="qualityInformationCategory" item="S2A_OPER_MSI_L1C_DS_S2RP_20230714T113326_S20191013T022634_N05.00" itemURL="/DATA_OUT/S2A_OPER_MSI_L0__DS_EPAE_20191013T035908_S20191013T022634_N02.08/S2PDGS-TC-IPF-V2-ORCH-N-016_MPC_SCENARIO/TaskTable_20230714T113328/FORMAT_METADATA_DS_L1C/output/PDI_DS/S2A_OPER_MSI_L1C_DS_S2RP_20230714T113326_S20191013T022634_N05.00/" name="Checks if Quality Information Category is correctly defined. " priority="5" processingStatus="done" status="PASSED"/>
                    <message contentType="text/plain">No Index classification in product.</message>
                </check>
                <check>
                    <inspection creation="2023-07-14T23:03:28.860Z" duration="3" execution="2023-07-14T23:03:28.864Z" id="platformCategory" item="S2A_OPER_MSI_L1C_DS_S2RP_20230714T113326_S20191013T022634_N05.00" itemURL="/DATA_OUT/S2A_OPER_MSI_L0__DS_EPAE_20191013T035908_S20191013T022634_N02.08/S2PDGS-TC-IPF-V2-ORCH-N-016_MPC_SCENARIO/TaskTable_20230714T113328/FORMAT_METADATA_DS_L1C/output/PDI_DS/S2A_OPER_MSI_L1C_DS_S2RP_20230714T113326_S20191013T022634_N05.00/" name="Checks if Platform Category is correctly defined. " priority="5" processingStatus="done" status="PASSED"/>
                    <message contentType="text/plain">Platform Category is Ok.</message>
                </check>
                <check>
                    <inspection creation="2023-07-14T23:03:28.869Z" duration="8" execution="2023-07-14T23:03:28.876Z" id="gridReferenceCategory" item="S2A_OPER_MSI_L1C_DS_S2RP_20230714T113326_S20191013T022634_N05.00" itemURL="/DATA_OUT/S2A_OPER_MSI_L0__DS_EPAE_20191013T035908_S20191013T022634_N02.08/S2PDGS-TC-IPF-V2-ORCH-N-016_MPC_SCENARIO/TaskTable_20230714T113328/FORMAT_METADATA_DS_L1C/output/PDI_DS/S2A_OPER_MSI_L1C_DS_S2RP_20230714T113326_S20191013T022634_N05.00/" name="Checks if Grid Reference Category is correctly defined. " priority="5" processingStatus="done" status="PASSED"/>
                    <message contentType="text/plain">No Index classification in product.</message>
                </check>
                <check>
                    <inspection creation="2023-07-14T23:03:28.887Z" duration="549" execution="2023-07-14T23:03:28.891Z" id="checkMetadata" item="S2A_OPER_MSI_L1C_DS_S2RP_20230714T113326_S20191013T022634_N05.00" itemURL="/DATA_OUT/S2A_OPER_MSI_L0__DS_EPAE_20191013T035908_S20191013T022634_N02.08/S2PDGS-TC-IPF-V2-ORCH-N-016_MPC_SCENARIO/TaskTable_20230714T113328/FORMAT_METADATA_DS_L1C/output/PDI_DS/S2A_OPER_MSI_L1C_DS_S2RP_20230714T113326_S20191013T022634_N05.00/" name="Metadata file check. " priority="5" processingStatus="done" status="PASSED"/>
                    <message contentType="text/plain">Metadata file is present.</message>
                </check>
                <check>
                    <inspection creation="2023-07-14T23:03:29.447Z" duration="2" execution="2023-07-14T23:03:29.453Z" id="acquisitionPeriodClassification" item="S2A_OPER_MSI_L1C_DS_S2RP_20230714T113326_S20191013T022634_N05.00" itemURL="/DATA_OUT/S2A_OPER_MSI_L0__DS_EPAE_20191013T035908_S20191013T022634_N02.08/S2PDGS-TC-IPF-V2-ORCH-N-016_MPC_SCENARIO/TaskTable_20230714T113328/FORMAT_METADATA_DS_L1C/output/PDI_DS/S2A_OPER_MSI_L1C_DS_S2RP_20230714T113326_S20191013T022634_N05.00/" name="Checks if Acquisition Period Classification is correctly defined. " priority="5" processingStatus="done" status="PASSED"/>
                    <message contentType="text/plain">Acquisition Period Classification is Ok.</message>
                </check>
                <check>
                    <inspection creation="2023-07-14T23:03:29.458Z" duration="8" execution="2023-07-14T23:03:29.465Z" id="schemaCategory" item="S2A_OPER_MSI_L1C_DS_S2RP_20230714T113326_S20191013T022634_N05.00" itemURL="/DATA_OUT/S2A_OPER_MSI_L0__DS_EPAE_20191013T035908_S20191013T022634_N02.08/S2PDGS-TC-IPF-V2-ORCH-N-016_MPC_SCENARIO/TaskTable_20230714T113328/FORMAT_METADATA_DS_L1C/output/PDI_DS/S2A_OPER_MSI_L1C_DS_S2RP_20230714T113326_S20191013T022634_N05.00/" name="Checks if Schema Category is correctly defined. " priority="5" processingStatus="done" status="PASSED"/>
                    <message contentType="text/plain">Category ok for : S2_Level-1C_Datastrip_Schema, Inventory_Metadata_Schema, OLQC_Report_Schema</message>
                </check>
                <check>
                    <inspection creation="2023-07-14T23:03:29.475Z" duration="2" execution="2023-07-14T23:03:29.481Z" id="processingExists" item="S2A_OPER_MSI_L1C_DS_S2RP_20230714T113326_S20191013T022634_N05.00" itemURL="/DATA_OUT/S2A_OPER_MSI_L0__DS_EPAE_20191013T035908_S20191013T022634_N02.08/S2PDGS-TC-IPF-V2-ORCH-N-016_MPC_SCENARIO/TaskTable_20230714T113328/FORMAT_METADATA_DS_L1C/output/PDI_DS/S2A_OPER_MSI_L1C_DS_S2RP_20230714T113326_S20191013T022634_N05.00/" name="Checks if Processing metadata is present. " priority="5" processingStatus="done" status="PASSED"/>
                    <message contentType="text/plain">Processing exists.</message>
                </check>
                <check>
                    <inspection creation="2023-07-14T23:03:29.486Z" duration="2" execution="2023-07-14T23:03:29.490Z" id="acquisitionPeriodCategory" item="S2A_OPER_MSI_L1C_DS_S2RP_20230714T113326_S20191013T022634_N05.00" itemURL="/DATA_OUT/S2A_OPER_MSI_L0__DS_EPAE_20191013T035908_S20191013T022634_N02.08/S2PDGS-TC-IPF-V2-ORCH-N-016_MPC_SCENARIO/TaskTable_20230714T113328/FORMAT_METADATA_DS_L1C/output/PDI_DS/S2A_OPER_MSI_L1C_DS_S2RP_20230714T113326_S20191013T022634_N05.00/" name="Checks if Acquisition Period Category is correctly defined. " priority="5" processingStatus="done" status="PASSED"/>
                    <message contentType="text/plain">Acquisition Period Category is Ok.</message>
                </check>
                <check>
                    <inspection creation="2023-07-14T23:03:29.495Z" duration="10" execution="2023-07-14T23:03:29.501Z" id="extraData" item="S2A_OPER_MSI_L1C_DS_S2RP_20230714T113326_S20191013T022634_N05.00" itemURL="/DATA_OUT/S2A_OPER_MSI_L0__DS_EPAE_20191013T035908_S20191013T022634_N02.08/S2PDGS-TC-IPF-V2-ORCH-N-016_MPC_SCENARIO/TaskTable_20230714T113328/FORMAT_METADATA_DS_L1C/output/PDI_DS/S2A_OPER_MSI_L1C_DS_S2RP_20230714T113326_S20191013T022634_N05.00/" name="Checks if Extra Files are present in product directory. " priority="5" processingStatus="done" status="PASSED"/>
                    <message contentType="text/plain">No Extra Files found in product directory.</message>
                </check>
                <check>
                    <inspection creation="2023-07-14T23:03:29.514Z" duration="2" execution="2023-07-14T23:03:29.518Z" id="processingCategory" item="S2A_OPER_MSI_L1C_DS_S2RP_20230714T113326_S20191013T022634_N05.00" itemURL="/DATA_OUT/S2A_OPER_MSI_L0__DS_EPAE_20191013T035908_S20191013T022634_N02.08/S2PDGS-TC-IPF-V2-ORCH-N-016_MPC_SCENARIO/TaskTable_20230714T113328/FORMAT_METADATA_DS_L1C/output/PDI_DS/S2A_OPER_MSI_L1C_DS_S2RP_20230714T113326_S20191013T022634_N05.00/" name="Checks if Processing Category is correctly defined. " priority="5" processingStatus="done" status="PASSED"/>
                    <message contentType="text/plain">Processing Category is Ok.</message>
                </check>
            </checkList>
        </report>
    </Data_Block>
</Earth_Explorer_File>
