<?xml version="1.0" encoding="UTF-8" standalone="yes"?>
<Earth_Explorer_File xmlns="http://gs2.esa.int/DATA_STRUCTURE/olqcReport">
    <Earth_Explorer_Header>
        <Fixed_Header>
            <File_Name>S2A_OPER_MSI_L1C_DS_S2RP_20230714T113326_S20191013T022634_GENERAL_QUALITY_report.xml</File_Name>
            <File_Description>Report produced by OLQC-SC</File_Description>
            <Notes></Notes>
            <Mission>S2A</Mission>
            <File_Class>OPER</File_Class>
            <File_Type>REP_OLQCPA</File_Type>
            <Validity_Period>
                <Validity_Start>UTC=2015-06-22T00:00:00</Validity_Start>
                <Validity_Stop>UTC=2100-01-01T00:00:00</Validity_Stop>
            </Validity_Period>
            <File_Version>2</File_Version>
            <Source>
                <System>OLQC-SC</System>
                <Creator>OLQC-SC</Creator>
                <Creator_Version>06.01.00</Creator_Version>
                <Creation_Date>UTC=2023-07-14T23:03:23</Creation_Date>
            </Source>
        </Fixed_Header>
    </Earth_Explorer_Header>
    <Data_Block type="xml">
        <report gippVersion="1.0" globalStatus="PASSED" date="2023-07-14T23:03:23.675Z">
            <checkList>
                <parentID>S2A_OPER_GIP_OLQCPA_MPC__20220715T000042_V20150622T000000</parentID>
                <name>GENERAL_QUALITY</name>
                <version>1.0</version>
                <item url="/DATA_OUT/S2A_OPER_MSI_L0__DS_EPAE_20191013T035908_S20191013T022634_N02.08/S2PDGS-TC-IPF-V2-ORCH-N-016_MPC_SCENARIO/TaskTable_20230714T113328/FORMAT_METADATA_DS_L1C/output/PDI_DS/S2A_OPER_MSI_L1C_DS_S2RP_20230714T113326_S20191013T022634_N05.00/" className="PDI Level 1C Datastrip Folder" name="S2A_OPER_MSI_L1C_DS_S2RP_20230714T113326_S20191013T022634_N05.00" class="http://www.esa.int/s2#pdi_level_1c_datastrip_container"/>
                <check>
                    <inspection creation="2023-07-14T23:03:23.659Z" duration="1" execution="2023-07-14T23:03:23.669Z" id="Orbit_Number_DOWNLINK" item="S2A_OPER_MTD_L1C_DS_S2RP_20230714T113326_S20191013T022634.xml" itemURL="/DATA_OUT/S2A_OPER_MSI_L0__DS_EPAE_20191013T035908_S20191013T022634_N02.08/S2PDGS-TC-IPF-V2-ORCH-N-016_MPC_SCENARIO/TaskTable_20230714T113328/FORMAT_METADATA_DS_L1C/output/PDI_DS/S2A_OPER_MSI_L1C_DS_S2RP_20230714T113326_S20191013T022634_N05.00/S2A_OPER_MTD_L1C_DS_S2RP_20230714T113326_S20191013T022634.xml" name="Check the consistency of downlink orbit number. " priority="5" processingStatus="done" status="PASSED"/>
                    <message contentType="text/plain">Downlink Orbit number (22494) is in range [1,99999] </message>
                    <extraValues>
                        <value name="DOWNLINK_ORBIT_NUMBER">22494</value>
                    </extraValues>
                </check>
                <check>
                    <inspection creation="2023-07-14T23:03:23.676Z" duration="1" execution="2023-07-14T23:03:23.691Z" id="List_Fake_Decompressed_Source_Frames" item="S2A_OPER_MTD_L1C_DS_S2RP_20230714T113326_S20191013T022634.xml" itemURL="/DATA_OUT/S2A_OPER_MSI_L0__DS_EPAE_20191013T035908_S20191013T022634_N02.08/S2PDGS-TC-IPF-V2-ORCH-N-016_MPC_SCENARIO/TaskTable_20230714T113328/FORMAT_METADATA_DS_L1C/output/PDI_DS/S2A_OPER_MSI_L1C_DS_S2RP_20230714T113326_S20191013T022634_N05.00/S2A_OPER_MTD_L1C_DS_S2RP_20230714T113326_S20191013T022634.xml" name="Check list of fake decompressed sources frames  " priority="5" processingStatus="done" status="PASSED"/>
                    <message contentType="text/plain">Fake decompressed source frames are valid. </message>
                </check>
                <check>
                    <inspection creation="2023-07-14T23:03:23.696Z" duration="0" execution="2023-07-14T23:03:23.706Z" id="Relative_Orbit_Number_SENSING" item="S2A_OPER_MTD_L1C_DS_S2RP_20230714T113326_S20191013T022634.xml" itemURL="/DATA_OUT/S2A_OPER_MSI_L0__DS_EPAE_20191013T035908_S20191013T022634_N02.08/S2PDGS-TC-IPF-V2-ORCH-N-016_MPC_SCENARIO/TaskTable_20230714T113328/FORMAT_METADATA_DS_L1C/output/PDI_DS/S2A_OPER_MSI_L1C_DS_S2RP_20230714T113326_S20191013T022634_N05.00/S2A_OPER_MTD_L1C_DS_S2RP_20230714T113326_S20191013T022634.xml" name="Check the consistency of relative imaging orbit number. " priority="5" processingStatus="done" status="PASSED"/>
                    <message contentType="text/plain">Sensing orbit number (46) is in range [1,143] </message>
                    <extraValues>
                        <value name="SENSING_ORBIT_NUMBER">46</value>
                    </extraValues>
                </check>
                <check>
                    <inspection creation="2023-07-14T23:03:23.791Z" duration="1" execution="2023-07-14T23:03:23.800Z" id="Processor_Version" item="S2A_OPER_MTD_L1C_DS_S2RP_20230714T113326_S20191013T022634.xml" itemURL="/DATA_OUT/S2A_OPER_MSI_L0__DS_EPAE_20191013T035908_S20191013T022634_N02.08/S2PDGS-TC-IPF-V2-ORCH-N-016_MPC_SCENARIO/TaskTable_20230714T113328/FORMAT_METADATA_DS_L1C/output/PDI_DS/S2A_OPER_MSI_L1C_DS_S2RP_20230714T113326_S20191013T022634_N05.00/S2A_OPER_MTD_L1C_DS_S2RP_20230714T113326_S20191013T022634.xml" name="Check the processor version. " priority="5" processingStatus="done" status="PASSED"/>
                    <message contentType="text/plain">Processor version is valid (05.00) </message>
                    <extraValues>
                        <value name="PROCESSOR_VERSION">05.00</value>
                    </extraValues>
                </check>
                <check>
                    <inspection creation="2023-07-14T23:03:28.742Z" duration="1" execution="2023-07-14T23:03:28.749Z" id="Degraded_Packets" item="S2A_OPER_MTD_L1C_DS_S2RP_20230714T113326_S20191013T022634.xml" itemURL="/DATA_OUT/S2A_OPER_MSI_L0__DS_EPAE_20191013T035908_S20191013T022634_N02.08/S2PDGS-TC-IPF-V2-ORCH-N-016_MPC_SCENARIO/TaskTable_20230714T113328/FORMAT_METADATA_DS_L1C/output/PDI_DS/S2A_OPER_MSI_L1C_DS_S2RP_20230714T113326_S20191013T022634_N05.00/S2A_OPER_MTD_L1C_DS_S2RP_20230714T113326_S20191013T022634.xml" name="Check the number of degraded packets " priority="5" processingStatus="done" status="PASSED"/>
                    <message contentType="text/plain">NUMBER_OF_TOO_DEGRADED_PACKETS value 0 does not exceed the threshold (0) </message>
                    <extraValues>
                        <value name="NUMBER_OF_TOO_DEGRADED_PACKETS">0</value>
                    </extraValues>
                </check>
                <check>
                    <inspection creation="2023-07-14T23:03:28.798Z" duration="0" execution="2023-07-14T23:03:28.812Z" id="Lost_Packets" item="S2A_OPER_MTD_L1C_DS_S2RP_20230714T113326_S20191013T022634.xml" itemURL="/DATA_OUT/S2A_OPER_MSI_L0__DS_EPAE_20191013T035908_S20191013T022634_N02.08/S2PDGS-TC-IPF-V2-ORCH-N-016_MPC_SCENARIO/TaskTable_20230714T113328/FORMAT_METADATA_DS_L1C/output/PDI_DS/S2A_OPER_MSI_L1C_DS_S2RP_20230714T113326_S20191013T022634_N05.00/S2A_OPER_MTD_L1C_DS_S2RP_20230714T113326_S20191013T022634.xml" name="Check the number of lost packets " priority="5" processingStatus="done" status="PASSED"/>
                    <message contentType="text/plain">NUMBER_OF_LOST_PACKETS value 0 does not exceed the threshold (0) </message>
                    <extraValues>
                        <value name="NUMBER_OF_LOST_PACKETS">0</value>
                    </extraValues>
                </check>
                <check>
                    <inspection creation="2023-07-14T23:03:28.887Z" duration="549" execution="2023-07-14T23:03:28.891Z" id="checkMetadata" item="S2A_OPER_MSI_L1C_DS_S2RP_20230714T113326_S20191013T022634_N05.00" itemURL="/DATA_OUT/S2A_OPER_MSI_L0__DS_EPAE_20191013T035908_S20191013T022634_N02.08/S2PDGS-TC-IPF-V2-ORCH-N-016_MPC_SCENARIO/TaskTable_20230714T113328/FORMAT_METADATA_DS_L1C/output/PDI_DS/S2A_OPER_MSI_L1C_DS_S2RP_20230714T113326_S20191013T022634_N05.00/" name="Metadata file check. " priority="5" processingStatus="done" status="PASSED"/>
                    <message contentType="text/plain">Metadata file is present.</message>
                </check>
            </checkList>
        </report>
    </Data_Block>
</Earth_Explorer_File>
