<?xml version="1.0" encoding="UTF-8" standalone="yes"?>
<Earth_Explorer_File xmlns="http://gs2.esa.int/DATA_STRUCTURE/olqcReport">
    <Earth_Explorer_Header>
        <Fixed_Header>
            <File_Name>S2A_OPER_MSI_L1C_DS_S2RP_20230714T113326_S20191013T022634_SENSOR_QUALITY_report.xml</File_Name>
            <File_Description>Report produced by OLQC-SC</File_Description>
            <Notes></Notes>
            <Mission>S2A</Mission>
            <File_Class>OPER</File_Class>
            <File_Type>REP_OLQCPA</File_Type>
            <Validity_Period>
                <Validity_Start>UTC=2015-06-22T00:00:00</Validity_Start>
                <Validity_Stop>UTC=2100-01-01T00:00:00</Validity_Stop>
            </Validity_Period>
            <File_Version>2</File_Version>
            <Source>
                <System>OLQC-SC</System>
                <Creator>OLQC-SC</Creator>
                <Creator_Version>06.01.00</Creator_Version>
                <Creation_Date>UTC=2023-07-14T23:03:23</Creation_Date>
            </Source>
        </Fixed_Header>
    </Earth_Explorer_Header>
    <Data_Block type="xml">
        <report gippVersion="1.0" globalStatus="PASSED" date="2023-07-14T23:03:23.657Z">
            <checkList>
                <parentID>S2A_OPER_GIP_OLQCPA_MPC__20220715T000042_V20150622T000000</parentID>
                <name>SENSOR_QUALITY</name>
                <version>1.0</version>
                <item url="/DATA_OUT/S2A_OPER_MSI_L0__DS_EPAE_20191013T035908_S20191013T022634_N02.08/S2PDGS-TC-IPF-V2-ORCH-N-016_MPC_SCENARIO/TaskTable_20230714T113328/FORMAT_METADATA_DS_L1C/output/PDI_DS/S2A_OPER_MSI_L1C_DS_S2RP_20230714T113326_S20191013T022634_N05.00/" className="PDI Level 1C Datastrip Folder" name="S2A_OPER_MSI_L1C_DS_S2RP_20230714T113326_S20191013T022634_N05.00" class="http://www.esa.int/s2#pdi_level_1c_datastrip_container"/>
                <check>
                    <inspection creation="2023-07-14T23:03:23.647Z" duration="0" execution="2023-07-14T23:03:23.653Z" id="Datation_Model_GPS_SYNC" item="S2A_OPER_MTD_L1C_DS_S2RP_20230714T113326_S20191013T022634.xml" itemURL="/DATA_OUT/S2A_OPER_MSI_L0__DS_EPAE_20191013T035908_S20191013T022634_N02.08/S2PDGS-TC-IPF-V2-ORCH-N-016_MPC_SCENARIO/TaskTable_20230714T113328/FORMAT_METADATA_DS_L1C/output/PDI_DS/S2A_OPER_MSI_L1C_DS_S2RP_20230714T113326_S20191013T022634_N05.00/S2A_OPER_MTD_L1C_DS_S2RP_20230714T113326_S20191013T022634.xml" name="Check the correctness of the Datation model with GPS_SYNC. " priority="5" processingStatus="done" status="PASSED"/>
                    <message contentType="text/plain">GPS is synchronized.</message>
                </check>
                <check>
                    <inspection creation="2023-07-14T23:03:28.238Z" duration="3" execution="2023-07-14T23:03:28.248Z" id="Datation_Model_RMOY" item="S2A_OPER_MTD_L1C_DS_S2RP_20230714T113326_S20191013T022634.xml" itemURL="/DATA_OUT/S2A_OPER_MSI_L0__DS_EPAE_20191013T035908_S20191013T022634_N02.08/S2PDGS-TC-IPF-V2-ORCH-N-016_MPC_SCENARIO/TaskTable_20230714T113328/FORMAT_METADATA_DS_L1C/output/PDI_DS/S2A_OPER_MSI_L1C_DS_S2RP_20230714T113326_S20191013T022634_N05.00/S2A_OPER_MTD_L1C_DS_S2RP_20230714T113326_S20191013T022634.xml" name="Check the correctness of the Datation model with RMOY. " priority="5" processingStatus="done" status="PASSED"/>
                    <message contentType="text/plain">RMOY not found in dataset</message>
                </check>
                <check>
                    <inspection creation="2023-07-14T23:03:28.772Z" duration="0" execution="2023-07-14T23:03:28.777Z" id="Degraded_SAD" item="S2A_OPER_MTD_L1C_DS_S2RP_20230714T113326_S20191013T022634.xml" itemURL="/DATA_OUT/S2A_OPER_MSI_L0__DS_EPAE_20191013T035908_S20191013T022634_N02.08/S2PDGS-TC-IPF-V2-ORCH-N-016_MPC_SCENARIO/TaskTable_20230714T113328/FORMAT_METADATA_DS_L1C/output/PDI_DS/S2A_OPER_MSI_L1C_DS_S2RP_20230714T113326_S20191013T022634_N05.00/S2A_OPER_MTD_L1C_DS_S2RP_20230714T113326_S20191013T022634.xml" name="Check the consistency of relative orbit. " priority="5" processingStatus="done" status="PASSED"/>
                    <message contentType="text/plain">No Degraded SAD</message>
                </check>
                <check>
                    <inspection creation="2023-07-14T23:03:28.887Z" duration="549" execution="2023-07-14T23:03:28.891Z" id="checkMetadata" item="S2A_OPER_MSI_L1C_DS_S2RP_20230714T113326_S20191013T022634_N05.00" itemURL="/DATA_OUT/S2A_OPER_MSI_L0__DS_EPAE_20191013T035908_S20191013T022634_N02.08/S2PDGS-TC-IPF-V2-ORCH-N-016_MPC_SCENARIO/TaskTable_20230714T113328/FORMAT_METADATA_DS_L1C/output/PDI_DS/S2A_OPER_MSI_L1C_DS_S2RP_20230714T113326_S20191013T022634_N05.00/" name="Metadata file check. " priority="5" processingStatus="done" status="PASSED"/>
                    <message contentType="text/plain">Metadata file is present.</message>
                </check>
            </checkList>
        </report>
    </Data_Block>
</Earth_Explorer_File>
