<?xml version="1.0" encoding="UTF-8"?><Earth_Explorer_File xmlns="http://gs2.esa.int/DATA_STRUCTURE/olqcReport">
    <Earth_Explorer_Header>
        <Fixed_Header>
            <File_Name>GRANULE/L1C_T51SXB_A017346_20181018T023228/QI_DATA/FORMAT_CORRECTNESS.xml</File_Name>
            <File_Description>Report produced by OLQC-SC</File_Description>
            <Notes/>
            <Mission>S2A</Mission>
            <File_Class>OPER</File_Class>
            <File_Type>REP_OLQCPA</File_Type>
            <Validity_Period>
                <Validity_Start>UTC=2015-06-22T00:00:00</Validity_Start>
                <Validity_Stop>UTC=2100-01-01T00:00:00</Validity_Stop>
            </Validity_Period>
            <File_Version>2</File_Version>
            <Source>
                <System>OLQC-SC</System>
                <Creator>OLQC-SC</Creator>
                <Creator_Version>01.06.02</Creator_Version>
                <Creation_Date>UTC=2018-10-18T06:09:50</Creation_Date>
            </Source>
        </Fixed_Header>
    </Earth_Explorer_Header>
    <Data_Block type="xml">
        <report date="2018-10-18T06:09:50.483Z" gippVersion="1.0" globalStatus="PASSED">
            <checkList>
                <parentID>S2A_OPER_GIP_OLQCPA_MPC__20180528T000018_V20150622T000000</parentID>
                <name>FORMAT_CORRECTNESS</name>
                <version>1.0</version>
                <item class="http://www.esa.int/s2#pdi_level_1c_tile_container" className="PDI Level 1C Tile Folder" name="S2A_OPER_MSI_L1C_TL_EPAE_20181018T053000_A017346_T51SXB_N02.06" url="/dpc/data/phoebus-share/PHOEBUS-3.4.1/wp_in_progress/l1c_20181018_15/app_data/steps_data/L1C/TILE/S2A_OPER_MSI_L1C_TL_EPAE_20181018T053000_A017346_T51SXB_N02.06/"/>
                <check>
                    <inspection creation="2018-10-18T06:09:50.215Z" duration="51" execution="2018-10-18T06:09:50.418Z" id="processingExists" item="S2A_OPER_MSI_L1C_TL_EPAE_20181018T053000_A017346_T51SXB_N02.06" itemURL="/dpc/data/phoebus-share/PHOEBUS-3.4.1/wp_in_progress/l1c_20181018_15/app_data/steps_data/L1C/TILE/S2A_OPER_MSI_L1C_TL_EPAE_20181018T053000_A017346_T51SXB_N02.06/" name="Checks if Processing metadata is present. " priority="5" processingStatus="done" status="PASSED"/>
                    <message contentType="text/plain">Processing exists.</message>
                </check>
                <check>
                    <inspection creation="2018-10-18T06:09:50.487Z" duration="28" execution="2018-10-18T06:09:50.513Z" id="acquisitionPeriodCategory" item="S2A_OPER_MSI_L1C_TL_EPAE_20181018T053000_A017346_T51SXB_N02.06" itemURL="/dpc/data/phoebus-share/PHOEBUS-3.4.1/wp_in_progress/l1c_20181018_15/app_data/steps_data/L1C/TILE/S2A_OPER_MSI_L1C_TL_EPAE_20181018T053000_A017346_T51SXB_N02.06/" name="Checks if Acquisition Period Category is correctly defined. " priority="5" processingStatus="done" status="PASSED"/>
                    <message contentType="text/plain">Acquisition Period Category is Ok.</message>
                </check>
                <check>
                    <inspection creation="2018-10-18T06:09:50.545Z" duration="105" execution="2018-10-18T06:09:50.584Z" id="annotationCategory" item="S2A_OPER_MSI_L1C_TL_EPAE_20181018T053000_A017346_T51SXB_N02.06" itemURL="/dpc/data/phoebus-share/PHOEBUS-3.4.1/wp_in_progress/l1c_20181018_15/app_data/steps_data/L1C/TILE/S2A_OPER_MSI_L1C_TL_EPAE_20181018T053000_A017346_T51SXB_N02.06/" name="Checks if Annotation Category is correctly defined. " priority="5" processingStatus="done" status="PASSED"/>
                    <message contentType="text/plain">No Index classification in product.</message>
                </check>
                <check>
                    <inspection creation="2018-10-18T06:09:50.694Z" duration="88" execution="2018-10-18T06:09:50.724Z" id="gridReferenceCategory" item="S2A_OPER_MSI_L1C_TL_EPAE_20181018T053000_A017346_T51SXB_N02.06" itemURL="/dpc/data/phoebus-share/PHOEBUS-3.4.1/wp_in_progress/l1c_20181018_15/app_data/steps_data/L1C/TILE/S2A_OPER_MSI_L1C_TL_EPAE_20181018T053000_A017346_T51SXB_N02.06/" name="Checks if Grid Reference Category is correctly defined. " priority="5" processingStatus="done" status="PASSED"/>
                    <message contentType="text/plain">No Index classification in product.</message>
                </check>
                <check>
                    <inspection creation="2018-10-18T06:09:50.815Z" duration="59" execution="2018-10-18T06:09:50.836Z" id="schemaCategory" item="S2A_OPER_MSI_L1C_TL_EPAE_20181018T053000_A017346_T51SXB_N02.06" itemURL="/dpc/data/phoebus-share/PHOEBUS-3.4.1/wp_in_progress/l1c_20181018_15/app_data/steps_data/L1C/TILE/S2A_OPER_MSI_L1C_TL_EPAE_20181018T053000_A017346_T51SXB_N02.06/" name="Checks if Schema Category is correctly defined. " priority="5" processingStatus="done" status="PASSED"/>
                    <message contentType="text/plain">Category ok for : S2_Level-1C_Tile_Schema, Inventory_Metadata_Schema, OLQC_Report_Schema</message>
                </check>
                <check>
                    <inspection creation="2018-10-18T06:09:50.900Z" duration="49" execution="2018-10-18T06:09:50.929Z" id="orbitReferenceClassification" item="S2A_OPER_MSI_L1C_TL_EPAE_20181018T053000_A017346_T51SXB_N02.06" itemURL="/dpc/data/phoebus-share/PHOEBUS-3.4.1/wp_in_progress/l1c_20181018_15/app_data/steps_data/L1C/TILE/S2A_OPER_MSI_L1C_TL_EPAE_20181018T053000_A017346_T51SXB_N02.06/" name="Checks if Orbit Reference Classification is correctly defined. " priority="5" processingStatus="done" status="PASSED"/>
                    <message contentType="text/plain">Classification ok for : measurementOrbitReference</message>
                </check>
                <check>
                    <inspection creation="2018-10-18T06:09:50.983Z" duration="41" execution="2018-10-18T06:09:51.012Z" id="indexClassification" item="S2A_OPER_MSI_L1C_TL_EPAE_20181018T053000_A017346_T51SXB_N02.06" itemURL="/dpc/data/phoebus-share/PHOEBUS-3.4.1/wp_in_progress/l1c_20181018_15/app_data/steps_data/L1C/TILE/S2A_OPER_MSI_L1C_TL_EPAE_20181018T053000_A017346_T51SXB_N02.06/" name="Checks if Index Classification is correctly defined. " priority="5" processingStatus="done" status="PASSED"/>
                    <message contentType="text/plain">No Index classification in product.</message>
                </check>
                <check>
                    <inspection creation="2018-10-18T06:09:51.057Z" duration="39" execution="2018-10-18T06:09:51.084Z" id="frameSetClassification" item="S2A_OPER_MSI_L1C_TL_EPAE_20181018T053000_A017346_T51SXB_N02.06" itemURL="/dpc/data/phoebus-share/PHOEBUS-3.4.1/wp_in_progress/l1c_20181018_15/app_data/steps_data/L1C/TILE/S2A_OPER_MSI_L1C_TL_EPAE_20181018T053000_A017346_T51SXB_N02.06/" name="Checks if MeasurementFrameSet Classification is correctly defined. " priority="5" processingStatus="done" status="PASSED"/>
                    <message contentType="text/plain">Classification ok for : measurementFrameSet</message>
                </check>
                <check>
                    <inspection creation="2018-10-18T06:09:51.127Z" duration="1271" execution="2018-10-18T06:09:51.248Z" id="idReferences" item="S2A_OPER_MSI_L1C_TL_EPAE_20181018T053000_A017346_T51SXB_N02.06" itemURL="/dpc/data/phoebus-share/PHOEBUS-3.4.1/wp_in_progress/l1c_20181018_15/app_data/steps_data/L1C/TILE/S2A_OPER_MSI_L1C_TL_EPAE_20181018T053000_A017346_T51SXB_N02.06/" name="Checks if all the Id References defined in the product are valid. " priority="5" processingStatus="done" status="PASSED"/>
                    <message contentType="text/plain">All the Id References defined in the product are valid.</message>
                </check>
                <check>
                    <inspection creation="2018-10-18T06:09:52.521Z" duration="16" execution="2018-10-18T06:09:52.537Z" id="annotationClassification" item="S2A_OPER_MSI_L1C_TL_EPAE_20181018T053000_A017346_T51SXB_N02.06" itemURL="/dpc/data/phoebus-share/PHOEBUS-3.4.1/wp_in_progress/l1c_20181018_15/app_data/steps_data/L1C/TILE/S2A_OPER_MSI_L1C_TL_EPAE_20181018T053000_A017346_T51SXB_N02.06/" name="Checks if Annotation Classification is correctly defined. " priority="5" processingStatus="done" status="PASSED"/>
                    <message contentType="text/plain">No Index classification in product.</message>
                </check>
                <check>
                    <inspection creation="2018-10-18T06:09:52.555Z" duration="4" execution="2018-10-18T06:09:52.564Z" id="checkSafeManifest" item="S2A_OPER_MSI_L1C_TL_EPAE_20181018T053000_A017346_T51SXB_N02.06" itemURL="/dpc/data/phoebus-share/PHOEBUS-3.4.1/wp_in_progress/l1c_20181018_15/app_data/steps_data/L1C/TILE/S2A_OPER_MSI_L1C_TL_EPAE_20181018T053000_A017346_T51SXB_N02.06/" name="Safe Manifest check. " priority="5" processingStatus="done" status="PASSED"/>
                    <message contentType="text/plain">Safe manifest present.</message>
                </check>
                <check>
                    <inspection creation="2018-10-18T06:09:52.570Z" duration="4" execution="2018-10-18T06:09:52.580Z" id="processingCategory" item="S2A_OPER_MSI_L1C_TL_EPAE_20181018T053000_A017346_T51SXB_N02.06" itemURL="/dpc/data/phoebus-share/PHOEBUS-3.4.1/wp_in_progress/l1c_20181018_15/app_data/steps_data/L1C/TILE/S2A_OPER_MSI_L1C_TL_EPAE_20181018T053000_A017346_T51SXB_N02.06/" name="Checks if Processing Category is correctly defined. " priority="5" processingStatus="done" status="PASSED"/>
                    <message contentType="text/plain">Processing Category is Ok.</message>
                </check>
                <check>
                    <inspection creation="2018-10-18T06:09:52.585Z" duration="34" execution="2018-10-18T06:09:52.598Z" id="extraData" item="S2A_OPER_MSI_L1C_TL_EPAE_20181018T053000_A017346_T51SXB_N02.06" itemURL="/dpc/data/phoebus-share/PHOEBUS-3.4.1/wp_in_progress/l1c_20181018_15/app_data/steps_data/L1C/TILE/S2A_OPER_MSI_L1C_TL_EPAE_20181018T053000_A017346_T51SXB_N02.06/" name="Checks if Extra Files are present in product directory. " priority="5" processingStatus="done" status="PASSED"/>
                    <message contentType="text/plain">No Extra Files found in product directory.</message>
                </check>
                <check>
                    <inspection creation="2018-10-18T06:09:52.634Z" duration="415" execution="2018-10-18T06:09:52.654Z" id="hrefExist" item="S2A_OPER_MSI_L1C_TL_EPAE_20181018T053000_A017346_T51SXB_N02.06" itemURL="/dpc/data/phoebus-share/PHOEBUS-3.4.1/wp_in_progress/l1c_20181018_15/app_data/steps_data/L1C/TILE/S2A_OPER_MSI_L1C_TL_EPAE_20181018T053000_A017346_T51SXB_N02.06/" name="Checks if all external references are present in the product directory. " priority="5" processingStatus="done" status="PASSED"/>
                    <message contentType="text/plain">All external references are present in the product directory.</message>
                </check>
                <check>
                    <inspection creation="2018-10-18T06:09:53.232Z" duration="15" execution="2018-10-18T06:09:53.278Z" id="Tile_Position_Size" item="S2A_OPER_MTD_L1C_TL_EPAE_20181018T053000_A017346_T51SXB.xml" itemURL="/dpc/data/phoebus-share/PHOEBUS-3.4.1/wp_in_progress/l1c_20181018_15/app_data/steps_data/L1C/TILE/S2A_OPER_MSI_L1C_TL_EPAE_20181018T053000_A017346_T51SXB_N02.06/S2A_OPER_MTD_L1C_TL_EPAE_20181018T053000_A017346_T51SXB.xml" name="Check of consistency of Tile Position by Size. " priority="5" processingStatus="done" status="PASSED"/>
                    <message contentType="text/plain">Tile image size is between [90000.0,110000.0].</message>
                </check>
                <check>
                    <inspection creation="2018-10-18T06:09:53.296Z" duration="3" execution="2018-10-18T06:09:53.329Z" id="Tile_Position_Geoposition" item="S2A_OPER_MTD_L1C_TL_EPAE_20181018T053000_A017346_T51SXB.xml" itemURL="/dpc/data/phoebus-share/PHOEBUS-3.4.1/wp_in_progress/l1c_20181018_15/app_data/steps_data/L1C/TILE/S2A_OPER_MSI_L1C_TL_EPAE_20181018T053000_A017346_T51SXB_N02.06/S2A_OPER_MTD_L1C_TL_EPAE_20181018T053000_A017346_T51SXB.xml" name="Check of consistency of Tile Position by Geoposition. " priority="5" processingStatus="done" status="PASSED"/>
                    <message contentType="text/plain">Tile geopisition is valid.</message>
                    <extraValues>
                        <value name="ULX(10)">600000</value>
                        <value name="ULY(10)">4200000</value>
                        <value name="XDIM(10)">10</value>
                        <value name="YDIM(10)">-10</value>
                        <value name="ULX(20)">600000</value>
                        <value name="ULY(20)">4200000</value>
                        <value name="XDIM(20)">20</value>
                        <value name="YDIM(20)">-20</value>
                        <value name="ULX(60)">600000</value>
                        <value name="ULY(60)">4200000</value>
                        <value name="XDIM(60)">60</value>
                        <value name="YDIM(60)">-60</value>
                    </extraValues>
                </check>
                <check>
                    <inspection creation="2018-10-18T06:09:54.099Z" duration="4" execution="2018-10-18T06:09:54.107Z" id="platformCategory" item="S2A_OPER_MSI_L1C_TL_EPAE_20181018T053000_A017346_T51SXB_N02.06" itemURL="/dpc/data/phoebus-share/PHOEBUS-3.4.1/wp_in_progress/l1c_20181018_15/app_data/steps_data/L1C/TILE/S2A_OPER_MSI_L1C_TL_EPAE_20181018T053000_A017346_T51SXB_N02.06/" name="Checks if Platform Category is correctly defined. " priority="5" processingStatus="done" status="PASSED"/>
                    <message contentType="text/plain">Platform Category is Ok.</message>
                </check>
                <check>
                    <inspection creation="2018-10-18T06:09:54.112Z" duration="13" execution="2018-10-18T06:09:54.124Z" id="indexCategory" item="S2A_OPER_MSI_L1C_TL_EPAE_20181018T053000_A017346_T51SXB_N02.06" itemURL="/dpc/data/phoebus-share/PHOEBUS-3.4.1/wp_in_progress/l1c_20181018_15/app_data/steps_data/L1C/TILE/S2A_OPER_MSI_L1C_TL_EPAE_20181018T053000_A017346_T51SXB_N02.06/" name="Checks if Index Category is correctly defined. " priority="5" processingStatus="done" status="PASSED"/>
                    <message contentType="text/plain">No Index classification in product.</message>
                </check>
                <check>
                    <inspection creation="2018-10-18T06:09:54.138Z" duration="13" execution="2018-10-18T06:09:54.150Z" id="informationCategory" item="S2A_OPER_MSI_L1C_TL_EPAE_20181018T053000_A017346_T51SXB_N02.06" itemURL="/dpc/data/phoebus-share/PHOEBUS-3.4.1/wp_in_progress/l1c_20181018_15/app_data/steps_data/L1C/TILE/S2A_OPER_MSI_L1C_TL_EPAE_20181018T053000_A017346_T51SXB_N02.06/" name="Checks if Information Category is correctly defined. " priority="5" processingStatus="done" status="PASSED"/>
                    <message contentType="text/plain">Category ok for : S2_Level-1C_Tile_Information</message>
                </check>
                <check>
                    <inspection creation="2018-10-18T06:09:54.165Z" duration="13" execution="2018-10-18T06:09:54.177Z" id="gridReferenceClassification" item="S2A_OPER_MSI_L1C_TL_EPAE_20181018T053000_A017346_T51SXB_N02.06" itemURL="/dpc/data/phoebus-share/PHOEBUS-3.4.1/wp_in_progress/l1c_20181018_15/app_data/steps_data/L1C/TILE/S2A_OPER_MSI_L1C_TL_EPAE_20181018T053000_A017346_T51SXB_N02.06/" name="Checks if Grid Reference Classification is correctly defined. " priority="5" processingStatus="done" status="PASSED"/>
                    <message contentType="text/plain">No Index classification in product.</message>
                </check>
                <check>
                    <inspection creation="2018-10-18T06:09:54.192Z" duration="13" execution="2018-10-18T06:09:54.203Z" id="informationClassification" item="S2A_OPER_MSI_L1C_TL_EPAE_20181018T053000_A017346_T51SXB_N02.06" itemURL="/dpc/data/phoebus-share/PHOEBUS-3.4.1/wp_in_progress/l1c_20181018_15/app_data/steps_data/L1C/TILE/S2A_OPER_MSI_L1C_TL_EPAE_20181018T053000_A017346_T51SXB_N02.06/" name="Checks if Information Classification is correctly defined. " priority="5" processingStatus="done" status="PASSED"/>
                    <message contentType="text/plain">Classification ok for : S2_Level-1C_Tile_Information</message>
                </check>
                <check>
                    <inspection creation="2018-10-18T06:09:54.218Z" duration="3" execution="2018-10-18T06:09:54.226Z" id="processingClassification" item="S2A_OPER_MSI_L1C_TL_EPAE_20181018T053000_A017346_T51SXB_N02.06" itemURL="/dpc/data/phoebus-share/PHOEBUS-3.4.1/wp_in_progress/l1c_20181018_15/app_data/steps_data/L1C/TILE/S2A_OPER_MSI_L1C_TL_EPAE_20181018T053000_A017346_T51SXB_N02.06/" name="Checks if Processing Classification is correctly defined. " priority="5" processingStatus="done" status="PASSED"/>
                    <message contentType="text/plain">Processing Classification is Ok.</message>
                </check>
                <check>
                    <inspection creation="2018-10-18T06:09:54.231Z" duration="12" execution="2018-10-18T06:09:54.243Z" id="qualityInformationClassification" item="S2A_OPER_MSI_L1C_TL_EPAE_20181018T053000_A017346_T51SXB_N02.06" itemURL="/dpc/data/phoebus-share/PHOEBUS-3.4.1/wp_in_progress/l1c_20181018_15/app_data/steps_data/L1C/TILE/S2A_OPER_MSI_L1C_TL_EPAE_20181018T053000_A017346_T51SXB_N02.06/" name="Checks if Quality Information Classification is correctly defined. " priority="5" processingStatus="done" status="PASSED"/>
                    <message contentType="text/plain">No Index classification in product.</message>
                </check>
                <check>
                    <inspection creation="2018-10-18T06:09:54.257Z" duration="3" execution="2018-10-18T06:09:54.265Z" id="acquisitionPeriodClassification" item="S2A_OPER_MSI_L1C_TL_EPAE_20181018T053000_A017346_T51SXB_N02.06" itemURL="/dpc/data/phoebus-share/PHOEBUS-3.4.1/wp_in_progress/l1c_20181018_15/app_data/steps_data/L1C/TILE/S2A_OPER_MSI_L1C_TL_EPAE_20181018T053000_A017346_T51SXB_N02.06/" name="Checks if Acquisition Period Classification is correctly defined. " priority="5" processingStatus="done" status="PASSED"/>
                    <message contentType="text/plain">Acquisition Period Classification is Ok.</message>
                </check>
                <check>
                    <inspection creation="2018-10-18T06:09:54.270Z" duration="13" execution="2018-10-18T06:09:54.282Z" id="frameSetCategory" item="S2A_OPER_MSI_L1C_TL_EPAE_20181018T053000_A017346_T51SXB_N02.06" itemURL="/dpc/data/phoebus-share/PHOEBUS-3.4.1/wp_in_progress/l1c_20181018_15/app_data/steps_data/L1C/TILE/S2A_OPER_MSI_L1C_TL_EPAE_20181018T053000_A017346_T51SXB_N02.06/" name="Checks if MeasurementFrameSet Category is correctly defined. " priority="5" processingStatus="done" status="PASSED"/>
                    <message contentType="text/plain">Category ok for : measurementFrameSet</message>
                </check>
                <check>
                    <inspection creation="2018-10-18T06:09:54.297Z" duration="9" execution="2018-10-18T06:09:54.305Z" id="checkMetadata" item="S2A_OPER_MSI_L1C_TL_EPAE_20181018T053000_A017346_T51SXB_N02.06" itemURL="/dpc/data/phoebus-share/PHOEBUS-3.4.1/wp_in_progress/l1c_20181018_15/app_data/steps_data/L1C/TILE/S2A_OPER_MSI_L1C_TL_EPAE_20181018T053000_A017346_T51SXB_N02.06/" name="Metadata file check. " priority="5" processingStatus="done" status="PASSED"/>
                    <message contentType="text/plain">Metadata file is present.</message>
                </check>
                <check>
                    <inspection creation="2018-10-18T06:09:54.320Z" duration="13" execution="2018-10-18T06:09:54.332Z" id="orbitReferenceCategory" item="S2A_OPER_MSI_L1C_TL_EPAE_20181018T053000_A017346_T51SXB_N02.06" itemURL="/dpc/data/phoebus-share/PHOEBUS-3.4.1/wp_in_progress/l1c_20181018_15/app_data/steps_data/L1C/TILE/S2A_OPER_MSI_L1C_TL_EPAE_20181018T053000_A017346_T51SXB_N02.06/" name="Checks if Orbit Reference Category is correctly defined. " priority="5" processingStatus="done" status="PASSED"/>
                    <message contentType="text/plain">Category ok for : measurementOrbitReference</message>
                </check>
                <check>
                    <inspection creation="2018-10-18T06:09:54.347Z" duration="4" execution="2018-10-18T06:09:54.355Z" id="platformClassification" item="S2A_OPER_MSI_L1C_TL_EPAE_20181018T053000_A017346_T51SXB_N02.06" itemURL="/dpc/data/phoebus-share/PHOEBUS-3.4.1/wp_in_progress/l1c_20181018_15/app_data/steps_data/L1C/TILE/S2A_OPER_MSI_L1C_TL_EPAE_20181018T053000_A017346_T51SXB_N02.06/" name="Checks if Platform Classification is correctly defined. " priority="5" processingStatus="done" status="PASSED"/>
                    <message contentType="text/plain">Platform Classification is Ok.</message>
                </check>
                <check>
                    <inspection creation="2018-10-18T06:09:54.361Z" duration="14" execution="2018-10-18T06:09:54.372Z" id="qualityInformationCategory" item="S2A_OPER_MSI_L1C_TL_EPAE_20181018T053000_A017346_T51SXB_N02.06" itemURL="/dpc/data/phoebus-share/PHOEBUS-3.4.1/wp_in_progress/l1c_20181018_15/app_data/steps_data/L1C/TILE/S2A_OPER_MSI_L1C_TL_EPAE_20181018T053000_A017346_T51SXB_N02.06/" name="Checks if Quality Information Category is correctly defined. " priority="5" processingStatus="done" status="PASSED"/>
                    <message contentType="text/plain">No Index classification in product.</message>
                </check>
                <check>
                    <inspection creation="2018-10-18T06:09:54.388Z" duration="14" execution="2018-10-18T06:09:54.399Z" id="schemaClassification" item="S2A_OPER_MSI_L1C_TL_EPAE_20181018T053000_A017346_T51SXB_N02.06" itemURL="/dpc/data/phoebus-share/PHOEBUS-3.4.1/wp_in_progress/l1c_20181018_15/app_data/steps_data/L1C/TILE/S2A_OPER_MSI_L1C_TL_EPAE_20181018T053000_A017346_T51SXB_N02.06/" name="Checks if Schema Classification is correctly defined. " priority="5" processingStatus="done" status="PASSED"/>
                    <message contentType="text/plain">Classification ok for : S2_Level-1C_Tile_Schema, Inventory_Metadata_Schema, OLQC_Report_Schema</message>
                </check>
                <check>
                    <inspection creation="2018-10-18T06:09:54.415Z" duration="4" execution="2018-10-18T06:09:54.421Z" id="acquisitionPeriodExists" item="S2A_OPER_MSI_L1C_TL_EPAE_20181018T053000_A017346_T51SXB_N02.06" itemURL="/dpc/data/phoebus-share/PHOEBUS-3.4.1/wp_in_progress/l1c_20181018_15/app_data/steps_data/L1C/TILE/S2A_OPER_MSI_L1C_TL_EPAE_20181018T053000_A017346_T51SXB_N02.06/" name="Checks if Acquisition Period is present. " priority="5" processingStatus="done" status="PASSED"/>
                    <message contentType="text/plain">Acquisition Period exists.</message>
                </check>
                <check>
                    <inspection creation="2018-10-18T06:09:54.428Z" duration="91" execution="2018-10-18T06:09:54.447Z" id="CheckNoDataMaskFormat" item="S2A_OPER_MSI_L1C_TL_EPAE_20181018T053000_A017346_T51SXB_N02.06" itemURL="/dpc/data/phoebus-share/PHOEBUS-3.4.1/wp_in_progress/l1c_20181018_15/app_data/steps_data/L1C/TILE/S2A_OPER_MSI_L1C_TL_EPAE_20181018T053000_A017346_T51SXB_N02.06/" name="Check NODATA Mask for format correctness " priority="5" processingStatus="done" status="PASSED"/>
                    <message contentType="text/plain">NODATA mask format is correct</message>
                </check>
                <check>
                    <inspection creation="2018-10-18T06:09:54.540Z" duration="94" execution="2018-10-18T06:09:54.549Z" id="CheckDefectMaskFormat" item="S2A_OPER_MSI_L1C_TL_EPAE_20181018T053000_A017346_T51SXB_N02.06" itemURL="/dpc/data/phoebus-share/PHOEBUS-3.4.1/wp_in_progress/l1c_20181018_15/app_data/steps_data/L1C/TILE/S2A_OPER_MSI_L1C_TL_EPAE_20181018T053000_A017346_T51SXB_N02.06/" name="Check DEFECT Mask for format correctness " priority="5" processingStatus="done" status="PASSED"/>
                    <message contentType="text/plain">DEFECT mask format is correct</message>
                </check>
                <check>
                    <inspection creation="2018-10-18T06:09:54.757Z" duration="0" execution="2018-10-18T06:09:54.763Z" id="Ecmwf" item="S2A_OPER_MSI_L1C_TL_EPAE_20181018T053000_A017346_T51SXB_N02.06" itemURL="/dpc/data/phoebus-share/PHOEBUS-3.4.1/wp_in_progress/l1c_20181018_15/app_data/steps_data/L1C/TILE/S2A_OPER_MSI_L1C_TL_EPAE_20181018T053000_A017346_T51SXB_N02.06/" name="ECMWF data conformity and completeness check  " priority="5" processingStatus="done" status="PASSED"/>
                    <message contentType="text/plain">ECMWF file is present.</message>
                </check>
                <check>
                    <inspection creation="2018-10-18T06:09:54.765Z" duration="4" execution="2018-10-18T06:09:54.772Z" id="PVI_and_TCI" item="S2A_OPER_MSI_L1C_TL_EPAE_20181018T053000_A017346_T51SXB_N02.06" itemURL="/dpc/data/phoebus-share/PHOEBUS-3.4.1/wp_in_progress/l1c_20181018_15/app_data/steps_data/L1C/TILE/S2A_OPER_MSI_L1C_TL_EPAE_20181018T053000_A017346_T51SXB_N02.06/" name="Check of consistency of PVI  " priority="5" processingStatus="done" status="PASSED"/>
                    <message contentType="text/plain">PVI file is consistent.</message>
                </check>
            </checkList>
        </report>
    </Data_Block>
</Earth_Explorer_File>
