<?xml version="1.0" encoding="UTF-8"?><Earth_Explorer_File xmlns="http://gs2.esa.int/DATA_STRUCTURE/olqcReport">
    <Earth_Explorer_Header>
        <Fixed_Header>
            <File_Name>GRANULE/L1C_T51SXB_A017346_20181018T023228/QI_DATA/GEOMETRIC_QUALITY.xml</File_Name>
            <File_Description>Report produced by OLQC-SC</File_Description>
            <Notes/>
            <Mission>S2A</Mission>
            <File_Class>OPER</File_Class>
            <File_Type>REP_OLQCPA</File_Type>
            <Validity_Period>
                <Validity_Start>UTC=2015-06-22T00:00:00</Validity_Start>
                <Validity_Stop>UTC=2100-01-01T00:00:00</Validity_Stop>
            </Validity_Period>
            <File_Version>2</File_Version>
            <Source>
                <System>OLQC-SC</System>
                <Creator>OLQC-SC</Creator>
                <Creator_Version>01.06.02</Creator_Version>
                <Creation_Date>UTC=2018-10-18T06:09:53</Creation_Date>
            </Source>
        </Fixed_Header>
    </Earth_Explorer_Header>
    <Data_Block type="xml">
        <report date="2018-10-18T06:09:53.725Z" gippVersion="1.0" globalStatus="PASSED">
            <checkList>
                <parentID>S2A_OPER_GIP_OLQCPA_MPC__20180528T000018_V20150622T000000</parentID>
                <name>GEOMETRIC_QUALITY</name>
                <version>1.0</version>
                <item class="http://www.esa.int/s2#pdi_level_1c_tile_container" className="PDI Level 1C Tile Folder" name="S2A_OPER_MSI_L1C_TL_EPAE_20181018T053000_A017346_T51SXB_N02.06" url="/dpc/data/phoebus-share/PHOEBUS-3.4.1/wp_in_progress/l1c_20181018_15/app_data/steps_data/L1C/TILE/S2A_OPER_MSI_L1C_TL_EPAE_20181018T053000_A017346_T51SXB_N02.06/"/>
                <check>
                    <inspection creation="2018-10-18T06:09:53.335Z" duration="373" execution="2018-10-18T06:09:53.349Z" id="Solar_Angle_Zenith" item="S2A_OPER_MTD_L1C_TL_EPAE_20181018T053000_A017346_T51SXB.xml" itemURL="/dpc/data/phoebus-share/PHOEBUS-3.4.1/wp_in_progress/l1c_20181018_15/app_data/steps_data/L1C/TILE/S2A_OPER_MSI_L1C_TL_EPAE_20181018T053000_A017346_T51SXB_N02.06/S2A_OPER_MTD_L1C_TL_EPAE_20181018T053000_A017346_T51SXB.xml" name="Check the zenith solar angle. " priority="5" processingStatus="done" status="PASSED"/>
                    <message contentType="text/plain">Zenith solar angle (48.3788656487732) is in the limit of the threshold (180.0) </message>
                    <extraValues>
                        <value name="EXPECTED">180.0</value>
                        <value name="SOLAR_ZENITH_ANGLE">48.3788656487732</value>
                    </extraValues>
                </check>
                <check>
                    <inspection creation="2018-10-18T06:09:53.726Z" duration="93" execution="2018-10-18T06:09:53.740Z" id="Solar_Angle_Azimuth" item="S2A_OPER_MTD_L1C_TL_EPAE_20181018T053000_A017346_T51SXB.xml" itemURL="/dpc/data/phoebus-share/PHOEBUS-3.4.1/wp_in_progress/l1c_20181018_15/app_data/steps_data/L1C/TILE/S2A_OPER_MSI_L1C_TL_EPAE_20181018T053000_A017346_T51SXB_N02.06/S2A_OPER_MTD_L1C_TL_EPAE_20181018T053000_A017346_T51SXB.xml" name="Check the azimuth solar angle. " priority="5" processingStatus="done" status="PASSED"/>
                    <message contentType="text/plain">Azimuth solar angle (163.750594872743) is in the limit of the threshold (360.0) </message>
                    <extraValues>
                        <value name="EXPECTED">360.0</value>
                        <value name="SOLAR_AZIMUTH_ANGLE">163.750594872743</value>
                    </extraValues>
                </check>
                <check>
                    <inspection creation="2018-10-18T06:09:54.778Z" duration="579" execution="2018-10-18T06:09:54.791Z" id="Granule_Dimensions_60m" item="S2A_OPER_MSI_L1C_TL_EPAE_20181018T053000_A017346_T51SXB_N02.06" itemURL="/dpc/data/phoebus-share/PHOEBUS-3.4.1/wp_in_progress/l1c_20181018_15/app_data/steps_data/L1C/TILE/S2A_OPER_MSI_L1C_TL_EPAE_20181018T053000_A017346_T51SXB_N02.06/" name="Check the 60m consistency of granules/tiles. " priority="5" processingStatus="done" status="PASSED"/>
                    <message contentType="text/plain">60m resolution granules/tiles dimensions are correct.</message>
                </check>
                <check>
                    <inspection creation="2018-10-18T06:09:55.372Z" duration="1355" execution="2018-10-18T06:09:55.386Z" id="Granule_Dimensions_20m" item="S2A_OPER_MSI_L1C_TL_EPAE_20181018T053000_A017346_T51SXB_N02.06" itemURL="/dpc/data/phoebus-share/PHOEBUS-3.4.1/wp_in_progress/l1c_20181018_15/app_data/steps_data/L1C/TILE/S2A_OPER_MSI_L1C_TL_EPAE_20181018T053000_A017346_T51SXB_N02.06/" name="Check the 20m consistency of granules/tiles. " priority="5" processingStatus="done" status="PASSED"/>
                    <message contentType="text/plain">20m resolution granules/tiles dimensions are correct.</message>
                </check>
                <check>
                    <inspection creation="2018-10-18T06:09:56.743Z" duration="1056" execution="2018-10-18T06:09:56.754Z" id="Granule_Dimensions_10m" item="S2A_OPER_MSI_L1C_TL_EPAE_20181018T053000_A017346_T51SXB_N02.06" itemURL="/dpc/data/phoebus-share/PHOEBUS-3.4.1/wp_in_progress/l1c_20181018_15/app_data/steps_data/L1C/TILE/S2A_OPER_MSI_L1C_TL_EPAE_20181018T053000_A017346_T51SXB_N02.06/" name="Check the 10m consistency of granules/tiles. " priority="5" processingStatus="done" status="PASSED"/>
                    <message contentType="text/plain">10m resolution granules/tiles dimensions are correct.</message>
                </check>
            </checkList>
        </report>
    </Data_Block>
</Earth_Explorer_File>
