<?xml version="1.0" encoding="UTF-8"?><Earth_Explorer_File xmlns="http://gs2.esa.int/DATA_STRUCTURE/olqcReport">
    <Earth_Explorer_Header>
        <Fixed_Header>
            <File_Name>GRANULE/L1C_T51SXB_A017346_20181018T023228/QI_DATA/SENSOR_QUALITY.xml</File_Name>
            <File_Description>Report produced by OLQC-SC</File_Description>
            <Notes/>
            <Mission>S2A</Mission>
            <File_Class>OPER</File_Class>
            <File_Type>REP_OLQCPA</File_Type>
            <Validity_Period>
                <Validity_Start>UTC=2015-06-22T00:00:00</Validity_Start>
                <Validity_Stop>UTC=2100-01-01T00:00:00</Validity_Stop>
            </Validity_Period>
            <File_Version>2</File_Version>
            <Source>
                <System>OLQC-SC</System>
                <Creator>OLQC-SC</Creator>
                <Creator_Version>01.06.02</Creator_Version>
                <Creation_Date>UTC=2018-10-18T06:09:53</Creation_Date>
            </Source>
        </Fixed_Header>
    </Earth_Explorer_Header>
    <Data_Block type="xml">
        <report date="2018-10-18T06:09:53.860Z" gippVersion="1.0" globalStatus="PASSED">
            <checkList>
                <parentID>S2A_OPER_GIP_OLQCPA_MPC__20180528T000018_V20150622T000000</parentID>
                <name>SENSOR_QUALITY</name>
                <version>1.0</version>
                <item class="http://www.esa.int/s2#pdi_level_1c_tile_container" className="PDI Level 1C Tile Folder" name="S2A_OPER_MSI_L1C_TL_EPAE_20181018T053000_A017346_T51SXB_N02.06" url="/dpc/data/phoebus-share/PHOEBUS-3.4.1/wp_in_progress/l1c_20181018_15/app_data/steps_data/L1C/TILE/S2A_OPER_MSI_L1C_TL_EPAE_20181018T053000_A017346_T51SXB_N02.06/"/>
                <check>
                    <inspection creation="2018-10-18T06:09:53.836Z" duration="1" execution="2018-10-18T06:09:53.857Z" id="Missing_Lines" item="S2A_OPER_MTD_L1C_TL_EPAE_20181018T053000_A017346_T51SXB.xml" itemURL="/dpc/data/phoebus-share/PHOEBUS-3.4.1/wp_in_progress/l1c_20181018_15/app_data/steps_data/L1C/TILE/S2A_OPER_MSI_L1C_TL_EPAE_20181018T053000_A017346_T51SXB_N02.06/S2A_OPER_MTD_L1C_TL_EPAE_20181018T053000_A017346_T51SXB.xml" name="Check the number of missing lines. " priority="5" processingStatus="done" status="PASSED"/>
                    <message contentType="text/plain">No missing lines </message>
                    <extraValues>
                        <value name="MISSING_LINES">0</value>
                    </extraValues>
                </check>
                <check>
                    <inspection creation="2018-10-18T06:09:53.861Z" duration="1" execution="2018-10-18T06:09:53.869Z" id="Sensing_Time" item="S2A_OPER_MTD_L1C_TL_EPAE_20181018T053000_A017346_T51SXB.xml" itemURL="/dpc/data/phoebus-share/PHOEBUS-3.4.1/wp_in_progress/l1c_20181018_15/app_data/steps_data/L1C/TILE/S2A_OPER_MSI_L1C_TL_EPAE_20181018T053000_A017346_T51SXB_N02.06/S2A_OPER_MTD_L1C_TL_EPAE_20181018T053000_A017346_T51SXB.xml" name="Check the consistency of the sensing time. " priority="5" processingStatus="done" status="PASSED"/>
                    <message contentType="text/plain">Sensing time is valid </message>
                    <extraValues>
                        <value name="SENSING_TIME">2018-10-18T02:32:28.161Z</value>
                    </extraValues>
                </check>
                <check>
                    <inspection creation="2018-10-18T06:09:53.886Z" duration="0" execution="2018-10-18T06:09:53.900Z" id="Corrupted_ISP" item="S2A_OPER_MTD_L1C_TL_EPAE_20181018T053000_A017346_T51SXB.xml" itemURL="/dpc/data/phoebus-share/PHOEBUS-3.4.1/wp_in_progress/l1c_20181018_15/app_data/steps_data/L1C/TILE/S2A_OPER_MSI_L1C_TL_EPAE_20181018T053000_A017346_T51SXB_N02.06/S2A_OPER_MTD_L1C_TL_EPAE_20181018T053000_A017346_T51SXB.xml" name="Check the consistency of the granules. " priority="5" processingStatus="done" status="PASSED"/>
                    <message contentType="text/plain">No Error detected. </message>
                    <extraValues>
                        <value name="CORRUPTED_ISP">0</value>
                    </extraValues>
                </check>
                <check>
                    <inspection creation="2018-10-18T06:09:54.297Z" duration="9" execution="2018-10-18T06:09:54.305Z" id="checkMetadata" item="S2A_OPER_MSI_L1C_TL_EPAE_20181018T053000_A017346_T51SXB_N02.06" itemURL="/dpc/data/phoebus-share/PHOEBUS-3.4.1/wp_in_progress/l1c_20181018_15/app_data/steps_data/L1C/TILE/S2A_OPER_MSI_L1C_TL_EPAE_20181018T053000_A017346_T51SXB_N02.06/" name="Metadata file check. " priority="5" processingStatus="done" status="PASSED"/>
                    <message contentType="text/plain">Metadata file is present.</message>
                </check>
            </checkList>
        </report>
    </Data_Block>
</Earth_Explorer_File>
