<?xml version="1.0" encoding="UTF-8" standalone="yes"?>
<Earth_Explorer_File xmlns="http://gs2.esa.int/DATA_STRUCTURE/olqcReport">
    <Earth_Explorer_Header>
        <Fixed_Header>
            <File_Name>S2A_OPER_MSI_L1C_DS_S2RP_20230629T065441_S20190923T022550_FORMAT_CORRECTNESS_report.xml</File_Name>
            <File_Description>Report produced by OLQC-SC</File_Description>
            <Notes></Notes>
            <Mission>S2A</Mission>
            <File_Class>OPER</File_Class>
            <File_Type>REP_OLQCPA</File_Type>
            <Validity_Period>
                <Validity_Start>UTC=2015-06-22T00:00:00</Validity_Start>
                <Validity_Stop>UTC=2100-01-01T00:00:00</Validity_Stop>
            </Validity_Period>
            <File_Version>2</File_Version>
            <Source>
                <System>OLQC-SC</System>
                <Creator>OLQC-SC</Creator>
                <Creator_Version>06.01.00</Creator_Version>
                <Creation_Date>UTC=2023-06-30T13:51:16</Creation_Date>
            </Source>
        </Fixed_Header>
    </Earth_Explorer_Header>
    <Data_Block type="xml">
        <report gippVersion="1.0" globalStatus="PASSED" date="2023-06-30T13:51:16.618Z">
            <checkList>
                <parentID>S2A_OPER_GIP_OLQCPA_MPC__20220715T000042_V20150622T000000</parentID>
                <name>FORMAT_CORRECTNESS</name>
                <version>1.0</version>
                <item url="/DATA_OUT/S2A_OPER_MSI_L0__DS_EPAE_20190923T035508_S20190923T022550_N02.08/S2PDGS-TC-IPF-V2-ORCH-N-016_MPC_SCENARIO/TaskTable_20230629T065443/FORMAT_METADATA_DS_L1C/output/PDI_DS/S2A_OPER_MSI_L1C_DS_S2RP_20230629T065441_S20190923T022550_N05.00/" className="PDI Level 1C Datastrip Folder" name="S2A_OPER_MSI_L1C_DS_S2RP_20230629T065441_S20190923T022550_N05.00" class="http://www.esa.int/s2#pdi_level_1c_datastrip_container"/>
                <check>
                    <inspection creation="2023-06-30T13:51:16.530Z" duration="13" execution="2023-06-30T13:51:16.598Z" id="processingClassification" item="S2A_OPER_MSI_L1C_DS_S2RP_20230629T065441_S20190923T022550_N05.00" itemURL="/DATA_OUT/S2A_OPER_MSI_L0__DS_EPAE_20190923T035508_S20190923T022550_N02.08/S2PDGS-TC-IPF-V2-ORCH-N-016_MPC_SCENARIO/TaskTable_20230629T065443/FORMAT_METADATA_DS_L1C/output/PDI_DS/S2A_OPER_MSI_L1C_DS_S2RP_20230629T065441_S20190923T022550_N05.00/" name="Checks if Processing Classification is correctly defined. " priority="5" processingStatus="done" status="PASSED"/>
                    <message contentType="text/plain">Processing Classification is Ok.</message>
                </check>
                <check>
                    <inspection creation="2023-06-30T13:51:16.620Z" duration="28" execution="2023-06-30T13:51:16.638Z" id="indexClassification" item="S2A_OPER_MSI_L1C_DS_S2RP_20230629T065441_S20190923T022550_N05.00" itemURL="/DATA_OUT/S2A_OPER_MSI_L0__DS_EPAE_20190923T035508_S20190923T022550_N02.08/S2PDGS-TC-IPF-V2-ORCH-N-016_MPC_SCENARIO/TaskTable_20230629T065443/FORMAT_METADATA_DS_L1C/output/PDI_DS/S2A_OPER_MSI_L1C_DS_S2RP_20230629T065441_S20190923T022550_N05.00/" name="Checks if Index Classification is correctly defined. " priority="5" processingStatus="done" status="PASSED"/>
                    <message contentType="text/plain">No Index classification in product.</message>
                </check>
                <check>
                    <inspection creation="2023-06-30T13:51:16.670Z" duration="26" execution="2023-06-30T13:51:16.683Z" id="schemaCategory" item="S2A_OPER_MSI_L1C_DS_S2RP_20230629T065441_S20190923T022550_N05.00" itemURL="/DATA_OUT/S2A_OPER_MSI_L0__DS_EPAE_20190923T035508_S20190923T022550_N02.08/S2PDGS-TC-IPF-V2-ORCH-N-016_MPC_SCENARIO/TaskTable_20230629T065443/FORMAT_METADATA_DS_L1C/output/PDI_DS/S2A_OPER_MSI_L1C_DS_S2RP_20230629T065441_S20190923T022550_N05.00/" name="Checks if Schema Category is correctly defined. " priority="5" processingStatus="done" status="PASSED"/>
                    <message contentType="text/plain">Category ok for : S2_Level-1C_Datastrip_Schema, Inventory_Metadata_Schema, OLQC_Report_Schema</message>
                </check>
                <check>
                    <inspection creation="2023-06-30T13:51:16.714Z" duration="23" execution="2023-06-30T13:51:16.728Z" id="schemaClassification" item="S2A_OPER_MSI_L1C_DS_S2RP_20230629T065441_S20190923T022550_N05.00" itemURL="/DATA_OUT/S2A_OPER_MSI_L0__DS_EPAE_20190923T035508_S20190923T022550_N02.08/S2PDGS-TC-IPF-V2-ORCH-N-016_MPC_SCENARIO/TaskTable_20230629T065443/FORMAT_METADATA_DS_L1C/output/PDI_DS/S2A_OPER_MSI_L1C_DS_S2RP_20230629T065441_S20190923T022550_N05.00/" name="Checks if Schema Classification is correctly defined. " priority="5" processingStatus="done" status="PASSED"/>
                    <message contentType="text/plain">Classification ok for : S2_Level-1C_Datastrip_Schema, Inventory_Metadata_Schema, OLQC_Report_Schema</message>
                </check>
                <check>
                    <inspection creation="2023-06-30T13:51:16.756Z" duration="25" execution="2023-06-30T13:51:16.767Z" id="extraData" item="S2A_OPER_MSI_L1C_DS_S2RP_20230629T065441_S20190923T022550_N05.00" itemURL="/DATA_OUT/S2A_OPER_MSI_L0__DS_EPAE_20190923T035508_S20190923T022550_N02.08/S2PDGS-TC-IPF-V2-ORCH-N-016_MPC_SCENARIO/TaskTable_20230629T065443/FORMAT_METADATA_DS_L1C/output/PDI_DS/S2A_OPER_MSI_L1C_DS_S2RP_20230629T065441_S20190923T022550_N05.00/" name="Checks if Extra Files are present in product directory. " priority="5" processingStatus="done" status="PASSED"/>
                    <message contentType="text/plain">No Extra Files found in product directory.</message>
                </check>
                <check>
                    <inspection creation="2023-06-30T13:51:16.795Z" duration="17" execution="2023-06-30T13:51:16.808Z" id="indexCategory" item="S2A_OPER_MSI_L1C_DS_S2RP_20230629T065441_S20190923T022550_N05.00" itemURL="/DATA_OUT/S2A_OPER_MSI_L0__DS_EPAE_20190923T035508_S20190923T022550_N02.08/S2PDGS-TC-IPF-V2-ORCH-N-016_MPC_SCENARIO/TaskTable_20230629T065443/FORMAT_METADATA_DS_L1C/output/PDI_DS/S2A_OPER_MSI_L1C_DS_S2RP_20230629T065441_S20190923T022550_N05.00/" name="Checks if Index Category is correctly defined. " priority="5" processingStatus="done" status="PASSED"/>
                    <message contentType="text/plain">No Index classification in product.</message>
                </check>
                <check>
                    <inspection creation="2023-06-30T13:51:16.828Z" duration="440" execution="2023-06-30T13:51:16.835Z" id="checkMetadata" item="S2A_OPER_MSI_L1C_DS_S2RP_20230629T065441_S20190923T022550_N05.00" itemURL="/DATA_OUT/S2A_OPER_MSI_L0__DS_EPAE_20190923T035508_S20190923T022550_N02.08/S2PDGS-TC-IPF-V2-ORCH-N-016_MPC_SCENARIO/TaskTable_20230629T065443/FORMAT_METADATA_DS_L1C/output/PDI_DS/S2A_OPER_MSI_L1C_DS_S2RP_20230629T065441_S20190923T022550_N05.00/" name="Metadata file check. " priority="5" processingStatus="done" status="PASSED"/>
                    <message contentType="text/plain">Metadata file is present.</message>
                </check>
                <check>
                    <inspection creation="2023-06-30T13:51:17.287Z" duration="18" execution="2023-06-30T13:51:17.298Z" id="frameSetCategory" item="S2A_OPER_MSI_L1C_DS_S2RP_20230629T065441_S20190923T022550_N05.00" itemURL="/DATA_OUT/S2A_OPER_MSI_L0__DS_EPAE_20190923T035508_S20190923T022550_N02.08/S2PDGS-TC-IPF-V2-ORCH-N-016_MPC_SCENARIO/TaskTable_20230629T065443/FORMAT_METADATA_DS_L1C/output/PDI_DS/S2A_OPER_MSI_L1C_DS_S2RP_20230629T065441_S20190923T022550_N05.00/" name="Checks if MeasurementFrameSet Category is correctly defined. " priority="5" processingStatus="done" status="PASSED"/>
                    <message contentType="text/plain">Category ok for : measurementFrameSet</message>
                </check>
                <check>
                    <inspection creation="2023-06-30T13:51:17.320Z" duration="3" execution="2023-06-30T13:51:17.326Z" id="processingExists" item="S2A_OPER_MSI_L1C_DS_S2RP_20230629T065441_S20190923T022550_N05.00" itemURL="/DATA_OUT/S2A_OPER_MSI_L0__DS_EPAE_20190923T035508_S20190923T022550_N02.08/S2PDGS-TC-IPF-V2-ORCH-N-016_MPC_SCENARIO/TaskTable_20230629T065443/FORMAT_METADATA_DS_L1C/output/PDI_DS/S2A_OPER_MSI_L1C_DS_S2RP_20230629T065441_S20190923T022550_N05.00/" name="Checks if Processing metadata is present. " priority="5" processingStatus="done" status="PASSED"/>
                    <message contentType="text/plain">Processing exists.</message>
                </check>
                <check>
                    <inspection creation="2023-06-30T13:51:17.332Z" duration="13" execution="2023-06-30T13:51:17.342Z" id="annotationClassification" item="S2A_OPER_MSI_L1C_DS_S2RP_20230629T065441_S20190923T022550_N05.00" itemURL="/DATA_OUT/S2A_OPER_MSI_L0__DS_EPAE_20190923T035508_S20190923T022550_N02.08/S2PDGS-TC-IPF-V2-ORCH-N-016_MPC_SCENARIO/TaskTable_20230629T065443/FORMAT_METADATA_DS_L1C/output/PDI_DS/S2A_OPER_MSI_L1C_DS_S2RP_20230629T065441_S20190923T022550_N05.00/" name="Checks if Annotation Classification is correctly defined. " priority="5" processingStatus="done" status="PASSED"/>
                    <message contentType="text/plain">No Index classification in product.</message>
                </check>
                <check>
                    <inspection creation="2023-06-30T13:51:19.106Z" duration="1" execution="2023-06-30T13:51:19.113Z" id="Start_Stop_Time" item="S2A_OPER_MTD_L1C_DS_S2RP_20230629T065441_S20190923T022550.xml" itemURL="/DATA_OUT/S2A_OPER_MSI_L0__DS_EPAE_20190923T035508_S20190923T022550_N02.08/S2PDGS-TC-IPF-V2-ORCH-N-016_MPC_SCENARIO/TaskTable_20230629T065443/FORMAT_METADATA_DS_L1C/output/PDI_DS/S2A_OPER_MSI_L1C_DS_S2RP_20230629T065441_S20190923T022550_N05.00/S2A_OPER_MTD_L1C_DS_S2RP_20230629T065441_S20190923T022550.xml" name="Check start/stop time validity. " priority="5" processingStatus="done" status="PASSED"/>
                    <message contentType="text/plain">Sensing period is valid. </message>
                    <extraValues>
                        <value name="SENSING_START">2019-09-23T02:25:50.455Z</value>
                        <value name="SENSING_STOP">2019-09-23T02:38:31.695Z</value>
                    </extraValues>
                </check>
                <check>
                    <inspection creation="2023-06-30T13:51:19.152Z" duration="3" execution="2023-06-30T13:51:19.158Z" id="platformClassification" item="S2A_OPER_MSI_L1C_DS_S2RP_20230629T065441_S20190923T022550_N05.00" itemURL="/DATA_OUT/S2A_OPER_MSI_L0__DS_EPAE_20190923T035508_S20190923T022550_N02.08/S2PDGS-TC-IPF-V2-ORCH-N-016_MPC_SCENARIO/TaskTable_20230629T065443/FORMAT_METADATA_DS_L1C/output/PDI_DS/S2A_OPER_MSI_L1C_DS_S2RP_20230629T065441_S20190923T022550_N05.00/" name="Checks if Platform Classification is correctly defined. " priority="5" processingStatus="done" status="PASSED"/>
                    <message contentType="text/plain">Platform Classification is Ok.</message>
                </check>
                <check>
                    <inspection creation="2023-06-30T13:51:19.164Z" duration="11" execution="2023-06-30T13:51:19.172Z" id="gridReferenceClassification" item="S2A_OPER_MSI_L1C_DS_S2RP_20230629T065441_S20190923T022550_N05.00" itemURL="/DATA_OUT/S2A_OPER_MSI_L0__DS_EPAE_20190923T035508_S20190923T022550_N02.08/S2PDGS-TC-IPF-V2-ORCH-N-016_MPC_SCENARIO/TaskTable_20230629T065443/FORMAT_METADATA_DS_L1C/output/PDI_DS/S2A_OPER_MSI_L1C_DS_S2RP_20230629T065441_S20190923T022550_N05.00/" name="Checks if Grid Reference Classification is correctly defined. " priority="5" processingStatus="done" status="PASSED"/>
                    <message contentType="text/plain">No Index classification in product.</message>
                </check>
                <check>
                    <inspection creation="2023-06-30T13:51:19.186Z" duration="10" execution="2023-06-30T13:51:19.195Z" id="orbitReferenceClassification" item="S2A_OPER_MSI_L1C_DS_S2RP_20230629T065441_S20190923T022550_N05.00" itemURL="/DATA_OUT/S2A_OPER_MSI_L0__DS_EPAE_20190923T035508_S20190923T022550_N02.08/S2PDGS-TC-IPF-V2-ORCH-N-016_MPC_SCENARIO/TaskTable_20230629T065443/FORMAT_METADATA_DS_L1C/output/PDI_DS/S2A_OPER_MSI_L1C_DS_S2RP_20230629T065441_S20190923T022550_N05.00/" name="Checks if Orbit Reference Classification is correctly defined. " priority="5" processingStatus="done" status="PASSED"/>
                    <message contentType="text/plain">Classification ok for : measurementOrbitReference</message>
                </check>
                <check>
                    <inspection creation="2023-06-30T13:51:19.209Z" duration="10" execution="2023-06-30T13:51:19.218Z" id="qualityInformationCategory" item="S2A_OPER_MSI_L1C_DS_S2RP_20230629T065441_S20190923T022550_N05.00" itemURL="/DATA_OUT/S2A_OPER_MSI_L0__DS_EPAE_20190923T035508_S20190923T022550_N02.08/S2PDGS-TC-IPF-V2-ORCH-N-016_MPC_SCENARIO/TaskTable_20230629T065443/FORMAT_METADATA_DS_L1C/output/PDI_DS/S2A_OPER_MSI_L1C_DS_S2RP_20230629T065441_S20190923T022550_N05.00/" name="Checks if Quality Information Category is correctly defined. " priority="5" processingStatus="done" status="PASSED"/>
                    <message contentType="text/plain">No Index classification in product.</message>
                </check>
                <check>
                    <inspection creation="2023-06-30T13:51:19.231Z" duration="2" execution="2023-06-30T13:51:19.236Z" id="checkSafeManifest" item="S2A_OPER_MSI_L1C_DS_S2RP_20230629T065441_S20190923T022550_N05.00" itemURL="/DATA_OUT/S2A_OPER_MSI_L0__DS_EPAE_20190923T035508_S20190923T022550_N02.08/S2PDGS-TC-IPF-V2-ORCH-N-016_MPC_SCENARIO/TaskTable_20230629T065443/FORMAT_METADATA_DS_L1C/output/PDI_DS/S2A_OPER_MSI_L1C_DS_S2RP_20230629T065441_S20190923T022550_N05.00/" name="Safe Manifest check. " priority="5" processingStatus="done" status="PASSED"/>
                    <message contentType="text/plain">Safe manifest present.</message>
                </check>
                <check>
                    <inspection creation="2023-06-30T13:51:19.241Z" duration="3" execution="2023-06-30T13:51:19.246Z" id="acquisitionPeriodClassification" item="S2A_OPER_MSI_L1C_DS_S2RP_20230629T065441_S20190923T022550_N05.00" itemURL="/DATA_OUT/S2A_OPER_MSI_L0__DS_EPAE_20190923T035508_S20190923T022550_N02.08/S2PDGS-TC-IPF-V2-ORCH-N-016_MPC_SCENARIO/TaskTable_20230629T065443/FORMAT_METADATA_DS_L1C/output/PDI_DS/S2A_OPER_MSI_L1C_DS_S2RP_20230629T065441_S20190923T022550_N05.00/" name="Checks if Acquisition Period Classification is correctly defined. " priority="5" processingStatus="done" status="PASSED"/>
                    <message contentType="text/plain">Acquisition Period Classification is Ok.</message>
                </check>
                <check>
                    <inspection creation="2023-06-30T13:51:19.252Z" duration="11" execution="2023-06-30T13:51:19.262Z" id="gridReferenceCategory" item="S2A_OPER_MSI_L1C_DS_S2RP_20230629T065441_S20190923T022550_N05.00" itemURL="/DATA_OUT/S2A_OPER_MSI_L0__DS_EPAE_20190923T035508_S20190923T022550_N02.08/S2PDGS-TC-IPF-V2-ORCH-N-016_MPC_SCENARIO/TaskTable_20230629T065443/FORMAT_METADATA_DS_L1C/output/PDI_DS/S2A_OPER_MSI_L1C_DS_S2RP_20230629T065441_S20190923T022550_N05.00/" name="Checks if Grid Reference Category is correctly defined. " priority="5" processingStatus="done" status="PASSED"/>
                    <message contentType="text/plain">No Index classification in product.</message>
                </check>
                <check>
                    <inspection creation="2023-06-30T13:51:19.276Z" duration="10" execution="2023-06-30T13:51:19.285Z" id="informationCategory" item="S2A_OPER_MSI_L1C_DS_S2RP_20230629T065441_S20190923T022550_N05.00" itemURL="/DATA_OUT/S2A_OPER_MSI_L0__DS_EPAE_20190923T035508_S20190923T022550_N02.08/S2PDGS-TC-IPF-V2-ORCH-N-016_MPC_SCENARIO/TaskTable_20230629T065443/FORMAT_METADATA_DS_L1C/output/PDI_DS/S2A_OPER_MSI_L1C_DS_S2RP_20230629T065441_S20190923T022550_N05.00/" name="Checks if Information Category is correctly defined. " priority="5" processingStatus="done" status="PASSED"/>
                    <message contentType="text/plain">Category ok for : S2_Level-1C_Datastrip_Information</message>
                </check>
                <check>
                    <inspection creation="2023-06-30T13:51:19.299Z" duration="96" execution="2023-06-30T13:51:19.325Z" id="idReferences" item="S2A_OPER_MSI_L1C_DS_S2RP_20230629T065441_S20190923T022550_N05.00" itemURL="/DATA_OUT/S2A_OPER_MSI_L0__DS_EPAE_20190923T035508_S20190923T022550_N02.08/S2PDGS-TC-IPF-V2-ORCH-N-016_MPC_SCENARIO/TaskTable_20230629T065443/FORMAT_METADATA_DS_L1C/output/PDI_DS/S2A_OPER_MSI_L1C_DS_S2RP_20230629T065441_S20190923T022550_N05.00/" name="Checks if all the Id References defined in the product are valid. " priority="5" processingStatus="done" status="PASSED"/>
                    <message contentType="text/plain">All the Id References defined in the product are valid.</message>
                </check>
                <check>
                    <inspection creation="2023-06-30T13:51:19.425Z" duration="11" execution="2023-06-30T13:51:19.437Z" id="hrefExist" item="S2A_OPER_MSI_L1C_DS_S2RP_20230629T065441_S20190923T022550_N05.00" itemURL="/DATA_OUT/S2A_OPER_MSI_L0__DS_EPAE_20190923T035508_S20190923T022550_N02.08/S2PDGS-TC-IPF-V2-ORCH-N-016_MPC_SCENARIO/TaskTable_20230629T065443/FORMAT_METADATA_DS_L1C/output/PDI_DS/S2A_OPER_MSI_L1C_DS_S2RP_20230629T065441_S20190923T022550_N05.00/" name="Checks if all external references are present in the product directory. " priority="5" processingStatus="done" status="PASSED"/>
                    <message contentType="text/plain">All external references are present in the product directory.</message>
                </check>
                <check>
                    <inspection creation="2023-06-30T13:51:19.451Z" duration="10" execution="2023-06-30T13:51:19.459Z" id="orbitReferenceCategory" item="S2A_OPER_MSI_L1C_DS_S2RP_20230629T065441_S20190923T022550_N05.00" itemURL="/DATA_OUT/S2A_OPER_MSI_L0__DS_EPAE_20190923T035508_S20190923T022550_N02.08/S2PDGS-TC-IPF-V2-ORCH-N-016_MPC_SCENARIO/TaskTable_20230629T065443/FORMAT_METADATA_DS_L1C/output/PDI_DS/S2A_OPER_MSI_L1C_DS_S2RP_20230629T065441_S20190923T022550_N05.00/" name="Checks if Orbit Reference Category is correctly defined. " priority="5" processingStatus="done" status="PASSED"/>
                    <message contentType="text/plain">Category ok for : measurementOrbitReference</message>
                </check>
                <check>
                    <inspection creation="2023-06-30T13:51:19.472Z" duration="10" execution="2023-06-30T13:51:19.481Z" id="informationClassification" item="S2A_OPER_MSI_L1C_DS_S2RP_20230629T065441_S20190923T022550_N05.00" itemURL="/DATA_OUT/S2A_OPER_MSI_L0__DS_EPAE_20190923T035508_S20190923T022550_N02.08/S2PDGS-TC-IPF-V2-ORCH-N-016_MPC_SCENARIO/TaskTable_20230629T065443/FORMAT_METADATA_DS_L1C/output/PDI_DS/S2A_OPER_MSI_L1C_DS_S2RP_20230629T065441_S20190923T022550_N05.00/" name="Checks if Information Classification is correctly defined. " priority="5" processingStatus="done" status="PASSED"/>
                    <message contentType="text/plain">Classification ok for : S2_Level-1C_Datastrip_Information</message>
                </check>
                <check>
                    <inspection creation="2023-06-30T13:51:19.494Z" duration="10" execution="2023-06-30T13:51:19.502Z" id="frameSetClassification" item="S2A_OPER_MSI_L1C_DS_S2RP_20230629T065441_S20190923T022550_N05.00" itemURL="/DATA_OUT/S2A_OPER_MSI_L0__DS_EPAE_20190923T035508_S20190923T022550_N02.08/S2PDGS-TC-IPF-V2-ORCH-N-016_MPC_SCENARIO/TaskTable_20230629T065443/FORMAT_METADATA_DS_L1C/output/PDI_DS/S2A_OPER_MSI_L1C_DS_S2RP_20230629T065441_S20190923T022550_N05.00/" name="Checks if MeasurementFrameSet Classification is correctly defined. " priority="5" processingStatus="done" status="PASSED"/>
                    <message contentType="text/plain">Classification ok for : measurementFrameSet</message>
                </check>
                <check>
                    <inspection creation="2023-06-30T13:51:19.516Z" duration="2" execution="2023-06-30T13:51:19.521Z" id="processingCategory" item="S2A_OPER_MSI_L1C_DS_S2RP_20230629T065441_S20190923T022550_N05.00" itemURL="/DATA_OUT/S2A_OPER_MSI_L0__DS_EPAE_20190923T035508_S20190923T022550_N02.08/S2PDGS-TC-IPF-V2-ORCH-N-016_MPC_SCENARIO/TaskTable_20230629T065443/FORMAT_METADATA_DS_L1C/output/PDI_DS/S2A_OPER_MSI_L1C_DS_S2RP_20230629T065441_S20190923T022550_N05.00/" name="Checks if Processing Category is correctly defined. " priority="5" processingStatus="done" status="PASSED"/>
                    <message contentType="text/plain">Processing Category is Ok.</message>
                </check>
                <check>
                    <inspection creation="2023-06-30T13:51:19.526Z" duration="2" execution="2023-06-30T13:51:19.532Z" id="acquisitionPeriodCategory" item="S2A_OPER_MSI_L1C_DS_S2RP_20230629T065441_S20190923T022550_N05.00" itemURL="/DATA_OUT/S2A_OPER_MSI_L0__DS_EPAE_20190923T035508_S20190923T022550_N02.08/S2PDGS-TC-IPF-V2-ORCH-N-016_MPC_SCENARIO/TaskTable_20230629T065443/FORMAT_METADATA_DS_L1C/output/PDI_DS/S2A_OPER_MSI_L1C_DS_S2RP_20230629T065441_S20190923T022550_N05.00/" name="Checks if Acquisition Period Category is correctly defined. " priority="5" processingStatus="done" status="PASSED"/>
                    <message contentType="text/plain">Acquisition Period Category is Ok.</message>
                </check>
                <check>
                    <inspection creation="2023-06-30T13:51:19.537Z" duration="10" execution="2023-06-30T13:51:19.545Z" id="qualityInformationClassification" item="S2A_OPER_MSI_L1C_DS_S2RP_20230629T065441_S20190923T022550_N05.00" itemURL="/DATA_OUT/S2A_OPER_MSI_L0__DS_EPAE_20190923T035508_S20190923T022550_N02.08/S2PDGS-TC-IPF-V2-ORCH-N-016_MPC_SCENARIO/TaskTable_20230629T065443/FORMAT_METADATA_DS_L1C/output/PDI_DS/S2A_OPER_MSI_L1C_DS_S2RP_20230629T065441_S20190923T022550_N05.00/" name="Checks if Quality Information Classification is correctly defined. " priority="5" processingStatus="done" status="PASSED"/>
                    <message contentType="text/plain">No Index classification in product.</message>
                </check>
                <check>
                    <inspection creation="2023-06-30T13:51:19.558Z" duration="10" execution="2023-06-30T13:51:19.566Z" id="annotationCategory" item="S2A_OPER_MSI_L1C_DS_S2RP_20230629T065441_S20190923T022550_N05.00" itemURL="/DATA_OUT/S2A_OPER_MSI_L0__DS_EPAE_20190923T035508_S20190923T022550_N02.08/S2PDGS-TC-IPF-V2-ORCH-N-016_MPC_SCENARIO/TaskTable_20230629T065443/FORMAT_METADATA_DS_L1C/output/PDI_DS/S2A_OPER_MSI_L1C_DS_S2RP_20230629T065441_S20190923T022550_N05.00/" name="Checks if Annotation Category is correctly defined. " priority="5" processingStatus="done" status="PASSED"/>
                    <message contentType="text/plain">No Index classification in product.</message>
                </check>
                <check>
                    <inspection creation="2023-06-30T13:51:19.579Z" duration="2" execution="2023-06-30T13:51:19.584Z" id="platformCategory" item="S2A_OPER_MSI_L1C_DS_S2RP_20230629T065441_S20190923T022550_N05.00" itemURL="/DATA_OUT/S2A_OPER_MSI_L0__DS_EPAE_20190923T035508_S20190923T022550_N02.08/S2PDGS-TC-IPF-V2-ORCH-N-016_MPC_SCENARIO/TaskTable_20230629T065443/FORMAT_METADATA_DS_L1C/output/PDI_DS/S2A_OPER_MSI_L1C_DS_S2RP_20230629T065441_S20190923T022550_N05.00/" name="Checks if Platform Category is correctly defined. " priority="5" processingStatus="done" status="PASSED"/>
                    <message contentType="text/plain">Platform Category is Ok.</message>
                </check>
                <check>
                    <inspection creation="2023-06-30T13:51:19.589Z" duration="3" execution="2023-06-30T13:51:19.593Z" id="acquisitionPeriodExists" item="S2A_OPER_MSI_L1C_DS_S2RP_20230629T065441_S20190923T022550_N05.00" itemURL="/DATA_OUT/S2A_OPER_MSI_L0__DS_EPAE_20190923T035508_S20190923T022550_N02.08/S2PDGS-TC-IPF-V2-ORCH-N-016_MPC_SCENARIO/TaskTable_20230629T065443/FORMAT_METADATA_DS_L1C/output/PDI_DS/S2A_OPER_MSI_L1C_DS_S2RP_20230629T065441_S20190923T022550_N05.00/" name="Checks if Acquisition Period is present. " priority="5" processingStatus="done" status="PASSED"/>
                    <message contentType="text/plain">Acquisition Period exists.</message>
                </check>
            </checkList>
        </report>
    </Data_Block>
</Earth_Explorer_File>
