<?xml version="1.0" encoding="UTF-8" standalone="yes"?>
<Earth_Explorer_File xmlns="http://gs2.esa.int/DATA_STRUCTURE/olqcReport">
    <Earth_Explorer_Header>
        <Fixed_Header>
            <File_Name>S2A_OPER_MSI_L1C_DS_S2RP_20230629T065441_S20190923T022550_GEOMETRIC_QUALITY_report.xml</File_Name>
            <File_Description>Report produced by OLQC-SC</File_Description>
            <Notes></Notes>
            <Mission>S2A</Mission>
            <File_Class>OPER</File_Class>
            <File_Type>REP_OLQCPA</File_Type>
            <Validity_Period>
                <Validity_Start>UTC=2015-06-22T00:00:00</Validity_Start>
                <Validity_Stop>UTC=2100-01-01T00:00:00</Validity_Stop>
            </Validity_Period>
            <File_Version>2</File_Version>
            <Source>
                <System>OLQC-SC</System>
                <Creator>OLQC-SC</Creator>
                <Creator_Version>06.01.00</Creator_Version>
                <Creation_Date>UTC=2023-06-30T13:51:18</Creation_Date>
            </Source>
        </Fixed_Header>
    </Earth_Explorer_Header>
    <Data_Block type="xml">
        <report gippVersion="1.0" globalStatus="PASSED" date="2023-06-30T13:51:18.336Z">
            <checkList>
                <parentID>S2A_OPER_GIP_OLQCPA_MPC__20220715T000042_V20150622T000000</parentID>
                <name>GEOMETRIC_QUALITY</name>
                <version>1.0</version>
                <item url="/DATA_OUT/S2A_OPER_MSI_L0__DS_EPAE_20190923T035508_S20190923T022550_N02.08/S2PDGS-TC-IPF-V2-ORCH-N-016_MPC_SCENARIO/TaskTable_20230629T065443/FORMAT_METADATA_DS_L1C/output/PDI_DS/S2A_OPER_MSI_L1C_DS_S2RP_20230629T065441_S20190923T022550_N05.00/" className="PDI Level 1C Datastrip Folder" name="S2A_OPER_MSI_L1C_DS_S2RP_20230629T065441_S20190923T022550_N05.00" class="http://www.esa.int/s2#pdi_level_1c_datastrip_container"/>
                <check>
                    <inspection creation="2023-06-30T13:51:17.774Z" duration="550" execution="2023-06-30T13:51:17.782Z" id="Attitude_Quality_Indicator_Raw" item="S2A_OPER_MTD_L1C_DS_S2RP_20230629T065441_S20190923T022550.xml" itemURL="/DATA_OUT/S2A_OPER_MSI_L0__DS_EPAE_20190923T035508_S20190923T022550_N02.08/S2PDGS-TC-IPF-V2-ORCH-N-016_MPC_SCENARIO/TaskTable_20230629T065443/FORMAT_METADATA_DS_L1C/output/PDI_DS/S2A_OPER_MSI_L1C_DS_S2RP_20230629T065441_S20190923T022550_N05.00/S2A_OPER_MTD_L1C_DS_S2RP_20230629T065441_S20190923T022550.xml" name="Check the admissibility of Raw Attitude Quality Indicator. " priority="5" processingStatus="done" status="PASSED"/>
                    <message contentType="text/plain">No wrong raw attitude indicators were found.</message>
                </check>
                <check>
                    <inspection creation="2023-06-30T13:51:18.337Z" duration="2" execution="2023-06-30T13:51:18.351Z" id="Geometric_Refining_Image_Refining" item="S2A_OPER_MTD_L1C_DS_S2RP_20230629T065441_S20190923T022550.xml" itemURL="/DATA_OUT/S2A_OPER_MSI_L0__DS_EPAE_20190923T035508_S20190923T022550_N02.08/S2PDGS-TC-IPF-V2-ORCH-N-016_MPC_SCENARIO/TaskTable_20230629T065443/FORMAT_METADATA_DS_L1C/output/PDI_DS/S2A_OPER_MSI_L1C_DS_S2RP_20230629T065441_S20190923T022550_N05.00/S2A_OPER_MTD_L1C_DS_S2RP_20230629T065441_S20190923T022550.xml" name="Check of the correctness of the Geometric Refining: Image Refining. " priority="5" processingStatus="done" status="PASSED"/>
                    <message contentType="text/plain">Geometric image refining is correct.</message>
                    <extraValues>
                        <value name="X_MEAN">0.007471</value>
                        <value name="Y_MEAN">0.013728</value>
                        <value name="X_STDV">4.332813</value>
                        <value name="Y_STDV">4.632278</value>
                    </extraValues>
                </check>
                <check>
                    <inspection creation="2023-06-30T13:51:18.389Z" duration="3" execution="2023-06-30T13:51:18.418Z" id="Geometric_Refining_Spatio_Residual_Histograms" item="S2A_OPER_MTD_L1C_DS_S2RP_20230629T065441_S20190923T022550.xml" itemURL="/DATA_OUT/S2A_OPER_MSI_L0__DS_EPAE_20190923T035508_S20190923T022550_N02.08/S2PDGS-TC-IPF-V2-ORCH-N-016_MPC_SCENARIO/TaskTable_20230629T065443/FORMAT_METADATA_DS_L1C/output/PDI_DS/S2A_OPER_MSI_L1C_DS_S2RP_20230629T065441_S20190923T022550_N05.00/S2A_OPER_MTD_L1C_DS_S2RP_20230629T065441_S20190923T022550.xml" name="Check of the correctness of the Geometric Refining: Spatio Residual Histograms. " priority="5" processingStatus="done" status="PASSED"/>
                    <message contentType="text/plain">Geometric Spatio Residual Histograms not computed.</message>
                </check>
                <check>
                    <inspection creation="2023-06-30T13:51:18.425Z" duration="4" execution="2023-06-30T13:51:18.432Z" id="Absolute_Location_Value" item="S2A_OPER_MTD_L1C_DS_S2RP_20230629T065441_S20190923T022550.xml" itemURL="/DATA_OUT/S2A_OPER_MSI_L0__DS_EPAE_20190923T035508_S20190923T022550_N02.08/S2PDGS-TC-IPF-V2-ORCH-N-016_MPC_SCENARIO/TaskTable_20230629T065443/FORMAT_METADATA_DS_L1C/output/PDI_DS/S2A_OPER_MSI_L1C_DS_S2RP_20230629T065441_S20190923T022550_N05.00/S2A_OPER_MTD_L1C_DS_S2RP_20230629T065441_S20190923T022550.xml" name="Check the absolute Location value. " priority="5" processingStatus="done" status="PASSED"/>
                    <message contentType="text/plain">Absolute location is valid (20.0&lt;30.0) </message>
                    <extraValues>
                        <value name="VALUE">20.0</value>
                        <value name="EXPECTED">30.0</value>
                    </extraValues>
                </check>
                <check>
                    <inspection creation="2023-06-30T13:51:18.440Z" duration="451" execution="2023-06-30T13:51:18.445Z" id="Attitude_Quality_Indicator_Corrected" item="S2A_OPER_MTD_L1C_DS_S2RP_20230629T065441_S20190923T022550.xml" itemURL="/DATA_OUT/S2A_OPER_MSI_L0__DS_EPAE_20190923T035508_S20190923T022550_N02.08/S2PDGS-TC-IPF-V2-ORCH-N-016_MPC_SCENARIO/TaskTable_20230629T065443/FORMAT_METADATA_DS_L1C/output/PDI_DS/S2A_OPER_MSI_L1C_DS_S2RP_20230629T065441_S20190923T022550_N05.00/S2A_OPER_MTD_L1C_DS_S2RP_20230629T065441_S20190923T022550.xml" name="Check the admissibility of Corrected Attitude Quality Indicator. " priority="5" processingStatus="done" status="PASSED"/>
                    <message contentType="text/plain">No wrong corrected attitude indicators were found.</message>
                </check>
                <check>
                    <inspection creation="2023-06-30T13:51:19.043Z" duration="1" execution="2023-06-30T13:51:19.055Z" id="Geometric_Refining_Vnir_Swir_Registration" item="S2A_OPER_MTD_L1C_DS_S2RP_20230629T065441_S20190923T022550.xml" itemURL="/DATA_OUT/S2A_OPER_MSI_L0__DS_EPAE_20190923T035508_S20190923T022550_N02.08/S2PDGS-TC-IPF-V2-ORCH-N-016_MPC_SCENARIO/TaskTable_20230629T065443/FORMAT_METADATA_DS_L1C/output/PDI_DS/S2A_OPER_MSI_L1C_DS_S2RP_20230629T065441_S20190923T022550_N05.00/S2A_OPER_MTD_L1C_DS_S2RP_20230629T065441_S20190923T022550.xml" name="Check of the correctness of the Geometric Refining: VNIR/SWIR Registration. " priority="5" processingStatus="done" status="PASSED"/>
                    <message contentType="text/plain">VNIR / SWIR bands have not been registered.</message>
                </check>
                <check>
                    <inspection creation="2023-06-30T13:51:19.079Z" duration="5" execution="2023-06-30T13:51:19.086Z" id="Planimetric_Stability" item="S2A_OPER_MTD_L1C_DS_S2RP_20230629T065441_S20190923T022550.xml" itemURL="/DATA_OUT/S2A_OPER_MSI_L0__DS_EPAE_20190923T035508_S20190923T022550_N02.08/S2PDGS-TC-IPF-V2-ORCH-N-016_MPC_SCENARIO/TaskTable_20230629T065443/FORMAT_METADATA_DS_L1C/output/PDI_DS/S2A_OPER_MSI_L1C_DS_S2RP_20230629T065441_S20190923T022550_N05.00/S2A_OPER_MTD_L1C_DS_S2RP_20230629T065441_S20190923T022550.xml" name="Check the planimetric stability value  " priority="5" processingStatus="done" status="PASSED"/>
                    <message contentType="text/plain">Planimetric stability is valid (3.0&lt;5.0) </message>
                    <extraValues>
                        <value name="VALUE">3.0</value>
                        <value name="EXPECTED">5.0</value>
                    </extraValues>
                </check>
                <check>
                    <inspection creation="2023-06-30T13:51:19.118Z" duration="5" execution="2023-06-30T13:51:19.124Z" id="Ephemeris_Quality" item="S2A_OPER_MTD_L1C_DS_S2RP_20230629T065441_S20190923T022550.xml" itemURL="/DATA_OUT/S2A_OPER_MSI_L0__DS_EPAE_20190923T035508_S20190923T022550_N02.08/S2PDGS-TC-IPF-V2-ORCH-N-016_MPC_SCENARIO/TaskTable_20230629T065443/FORMAT_METADATA_DS_L1C/output/PDI_DS/S2A_OPER_MSI_L1C_DS_S2RP_20230629T065441_S20190923T022550_N05.00/S2A_OPER_MTD_L1C_DS_S2RP_20230629T065441_S20190923T022550.xml" name="Check the ephemeris quality value. " priority="5" processingStatus="done" status="PASSED"/>
                    <message contentType="text/plain">Ephemeris quality is valid (4.0&lt;=20.0) </message>
                    <extraValues>
                        <value name="VALUE">4.0</value>
                        <value name="EXPECTED">20.0</value>
                    </extraValues>
                </check>
            </checkList>
        </report>
    </Data_Block>
</Earth_Explorer_File>
