<?xml version="1.0" encoding="UTF-8" standalone="yes"?>
<Earth_Explorer_File xmlns="http://gs2.esa.int/DATA_STRUCTURE/olqcReport">
    <Earth_Explorer_Header>
        <Fixed_Header>
            <File_Name>S2A_OPER_MSI_L1C_DS_S2RP_20230629T065441_S20190923T022550_RADIOMETRIC_QUALITY_report.xml</File_Name>
            <File_Description>Report produced by OLQC-SC</File_Description>
            <Notes></Notes>
            <Mission>S2A</Mission>
            <File_Class>OPER</File_Class>
            <File_Type>REP_OLQCPA</File_Type>
            <Validity_Period>
                <Validity_Start>UTC=2015-06-22T00:00:00</Validity_Start>
                <Validity_Stop>UTC=2100-01-01T00:00:00</Validity_Stop>
            </Validity_Period>
            <File_Version>2</File_Version>
            <Source>
                <System>OLQC-SC</System>
                <Creator>OLQC-SC</Creator>
                <Creator_Version>06.01.00</Creator_Version>
                <Creation_Date>UTC=2023-06-30T13:51:17</Creation_Date>
            </Source>
        </Fixed_Header>
    </Earth_Explorer_Header>
    <Data_Block type="xml">
        <report gippVersion="1.0" globalStatus="PASSED" date="2023-06-30T13:51:17.774Z">
            <checkList>
                <parentID>S2A_OPER_GIP_OLQCPA_MPC__20220715T000042_V20150622T000000</parentID>
                <name>RADIOMETRIC_QUALITY</name>
                <version>1.0</version>
                <item url="/DATA_OUT/S2A_OPER_MSI_L0__DS_EPAE_20190923T035508_S20190923T022550_N02.08/S2PDGS-TC-IPF-V2-ORCH-N-016_MPC_SCENARIO/TaskTable_20230629T065443/FORMAT_METADATA_DS_L1C/output/PDI_DS/S2A_OPER_MSI_L1C_DS_S2RP_20230629T065441_S20190923T022550_N05.00/" className="PDI Level 1C Datastrip Folder" name="S2A_OPER_MSI_L1C_DS_S2RP_20230629T065441_S20190923T022550_N05.00" class="http://www.esa.int/s2#pdi_level_1c_datastrip_container"/>
                <check>
                    <inspection creation="2023-06-30T13:51:17.760Z" duration="3" execution="2023-06-30T13:51:17.767Z" id="QuantificationValue" item="S2A_OPER_MTD_L1C_DS_S2RP_20230629T065441_S20190923T022550.xml" itemURL="/DATA_OUT/S2A_OPER_MSI_L0__DS_EPAE_20190923T035508_S20190923T022550_N02.08/S2PDGS-TC-IPF-V2-ORCH-N-016_MPC_SCENARIO/TaskTable_20230629T065443/FORMAT_METADATA_DS_L1C/output/PDI_DS/S2A_OPER_MSI_L1C_DS_S2RP_20230629T065441_S20190923T022550_N05.00/S2A_OPER_MTD_L1C_DS_S2RP_20230629T065441_S20190923T022550.xml" name="Check QUANTIFICATION_VALUE " priority="5" processingStatus="done" status="PASSED"/>
                    <message contentType="text/plain">QUANTIFICATION_VALUE is OK</message>
                </check>
                <check>
                    <inspection creation="2023-06-30T13:51:18.900Z" duration="14" execution="2023-06-30T13:51:18.916Z" id="IntegrationTime" item="S2A_OPER_MTD_L1C_DS_S2RP_20230629T065441_S20190923T022550.xml" itemURL="/DATA_OUT/S2A_OPER_MSI_L0__DS_EPAE_20190923T035508_S20190923T022550_N02.08/S2PDGS-TC-IPF-V2-ORCH-N-016_MPC_SCENARIO/TaskTable_20230629T065443/FORMAT_METADATA_DS_L1C/output/PDI_DS/S2A_OPER_MSI_L1C_DS_S2RP_20230629T065441_S20190923T022550_N05.00/S2A_OPER_MTD_L1C_DS_S2RP_20230629T065441_S20190923T022550.xml" name="Check INTEGRATION_TIME " priority="5" processingStatus="done" status="PASSED"/>
                    <message contentType="text/plain">INTEGRATION_TIME is OK</message>
                </check>
                <check>
                    <inspection creation="2023-06-30T13:51:18.983Z" duration="12" execution="2023-06-30T13:51:18.993Z" id="SolarRadiance" item="S2A_OPER_MTD_L1C_DS_S2RP_20230629T065441_S20190923T022550.xml" itemURL="/DATA_OUT/S2A_OPER_MSI_L0__DS_EPAE_20190923T035508_S20190923T022550_N02.08/S2PDGS-TC-IPF-V2-ORCH-N-016_MPC_SCENARIO/TaskTable_20230629T065443/FORMAT_METADATA_DS_L1C/output/PDI_DS/S2A_OPER_MSI_L1C_DS_S2RP_20230629T065441_S20190923T022550_N05.00/S2A_OPER_MTD_L1C_DS_S2RP_20230629T065441_S20190923T022550.xml" name="Check Solar Radiance " priority="5" processingStatus="done" status="PASSED"/>
                    <message contentType="text/plain">SOLAR RADIANCE is OK</message>
                </check>
                <check>
                    <inspection creation="2023-06-30T13:51:19.009Z" duration="14" execution="2023-06-30T13:51:19.016Z" id="Radiometric_Quality_Indicators_Multi_Temporal" item="S2A_OPER_MTD_L1C_DS_S2RP_20230629T065441_S20190923T022550.xml" itemURL="/DATA_OUT/S2A_OPER_MSI_L0__DS_EPAE_20190923T035508_S20190923T022550_N02.08/S2PDGS-TC-IPF-V2-ORCH-N-016_MPC_SCENARIO/TaskTable_20230629T065443/FORMAT_METADATA_DS_L1C/output/PDI_DS/S2A_OPER_MSI_L1C_DS_S2RP_20230629T065441_S20190923T022550_N05.00/S2A_OPER_MTD_L1C_DS_S2RP_20230629T065441_S20190923T022550.xml" name="Check on the Radiometric Quality Indicators : Multi-Temporal Calibration Accuracy. " priority="5" processingStatus="done" status="PASSED"/>
                    <message contentType="text/plain">Multi-temporal calibration accuracy is correct.</message>
                </check>
                <check>
                    <inspection creation="2023-06-30T13:51:19.033Z" duration="2" execution="2023-06-30T13:51:19.038Z" id="EqualizationFlag" item="S2A_OPER_MTD_L1C_DS_S2RP_20230629T065441_S20190923T022550.xml" itemURL="/DATA_OUT/S2A_OPER_MSI_L0__DS_EPAE_20190923T035508_S20190923T022550_N02.08/S2PDGS-TC-IPF-V2-ORCH-N-016_MPC_SCENARIO/TaskTable_20230629T065443/FORMAT_METADATA_DS_L1C/output/PDI_DS/S2A_OPER_MSI_L1C_DS_S2RP_20230629T065441_S20190923T022550_N05.00/S2A_OPER_MTD_L1C_DS_S2RP_20230629T065441_S20190923T022550.xml" name="Check EQUALIZATION_MODE " priority="5" processingStatus="done" status="PASSED"/>
                    <message contentType="text/plain">Equalization Mode is set to TRUE</message>
                </check>
                <check>
                    <inspection creation="2023-06-30T13:51:19.060Z" duration="10" execution="2023-06-30T13:51:19.066Z" id="Radiometric_Quality_Indicators_Absolute" item="S2A_OPER_MTD_L1C_DS_S2RP_20230629T065441_S20190923T022550.xml" itemURL="/DATA_OUT/S2A_OPER_MSI_L0__DS_EPAE_20190923T035508_S20190923T022550_N02.08/S2PDGS-TC-IPF-V2-ORCH-N-016_MPC_SCENARIO/TaskTable_20230629T065443/FORMAT_METADATA_DS_L1C/output/PDI_DS/S2A_OPER_MSI_L1C_DS_S2RP_20230629T065441_S20190923T022550_N05.00/S2A_OPER_MTD_L1C_DS_S2RP_20230629T065441_S20190923T022550.xml" name="Check on the Radiometric Quality Indicators : Absolute Calibration Accuracy. " priority="5" processingStatus="done" status="PASSED"/>
                    <message contentType="text/plain">Absolute calibration accuracy is correct.</message>
                </check>
                <check>
                    <inspection creation="2023-06-30T13:51:19.132Z" duration="9" execution="2023-06-30T13:51:19.139Z" id="Radiometric_Quality_Indicators_Cross_Band" item="S2A_OPER_MTD_L1C_DS_S2RP_20230629T065441_S20190923T022550.xml" itemURL="/DATA_OUT/S2A_OPER_MSI_L0__DS_EPAE_20190923T035508_S20190923T022550_N02.08/S2PDGS-TC-IPF-V2-ORCH-N-016_MPC_SCENARIO/TaskTable_20230629T065443/FORMAT_METADATA_DS_L1C/output/PDI_DS/S2A_OPER_MSI_L1C_DS_S2RP_20230629T065441_S20190923T022550_N05.00/S2A_OPER_MTD_L1C_DS_S2RP_20230629T065441_S20190923T022550.xml" name="Check on the Radiometric Quality Indicators : Cross Band Calibration Accuracy. " priority="5" processingStatus="done" status="PASSED"/>
                    <message contentType="text/plain">Cross band calibration accuracy is correct.</message>
                </check>
            </checkList>
        </report>
    </Data_Block>
</Earth_Explorer_File>
