<?xml version="1.0" encoding="UTF-8" standalone="yes"?>
<Earth_Explorer_File xmlns="http://gs2.esa.int/DATA_STRUCTURE/olqcReport">
    <Earth_Explorer_Header>
        <Fixed_Header>
            <File_Name>S2A_OPER_MSI_L1C_DS_EPAE_20181018T053000_S20181018T023228_FORMAT_CORRECTNESS_report.xml</File_Name>
            <File_Description>Report produced by OLQC-SC</File_Description>
            <Notes></Notes>
            <Mission>S2A</Mission>
            <File_Class>OPER</File_Class>
            <File_Type>REP_OLQCPA</File_Type>
            <Validity_Period>
                <Validity_Start>UTC=2015-06-22T00:00:00</Validity_Start>
                <Validity_Stop>UTC=2100-01-01T00:00:00</Validity_Stop>
            </Validity_Period>
            <File_Version>2</File_Version>
            <Source>
                <System>OLQC-SC</System>
                <Creator>OLQC-SC</Creator>
                <Creator_Version>01.06.02</Creator_Version>
                <Creation_Date>UTC=2018-10-18T06:14:15</Creation_Date>
            </Source>
        </Fixed_Header>
    </Earth_Explorer_Header>
    <Data_Block type="xml">
        <report gippVersion="1.0" globalStatus="PASSED" date="2018-10-18T06:14:15.862Z">
            <checkList>
                <parentID>S2A_OPER_GIP_OLQCPA_MPC__20180528T000018_V20150622T000000</parentID>
                <name>FORMAT_CORRECTNESS</name>
                <version>1.0</version>
                <item url="/dpc/data/phoebus-share/PHOEBUS-3.4.1/wp_in_progress/l1c_20181018_15/app_data/steps_data/DS/GET_TILE_LIST_OUTPUT/S2A_OPER_MSI_L1C_DS_EPAE_20181018T053000_S20181018T023228_N02.06/" className="PDI Level 1C Datastrip Folder" name="S2A_OPER_MSI_L1C_DS_EPAE_20181018T053000_S20181018T023228_N02.06" class="http://www.esa.int/s2#pdi_level_1c_datastrip_container"/>
                <check>
                    <inspection creation="2018-10-18T06:14:14.254Z" duration="1381" execution="2018-10-18T06:14:14.471Z" id="checkMetadata" item="S2A_OPER_MSI_L1C_DS_EPAE_20181018T053000_S20181018T023228_N02.06" itemURL="/dpc/data/phoebus-share/PHOEBUS-3.4.1/wp_in_progress/l1c_20181018_15/app_data/steps_data/DS/GET_TILE_LIST_OUTPUT/S2A_OPER_MSI_L1C_DS_EPAE_20181018T053000_S20181018T023228_N02.06/" name="Metadata file check. " priority="5" processingStatus="done" status="PASSED"/>
                    <message contentType="text/plain">Metadata file is present.</message>
                </check>
                <check>
                    <inspection creation="2018-10-18T06:14:15.876Z" duration="56" execution="2018-10-18T06:14:15.905Z" id="informationCategory" item="S2A_OPER_MSI_L1C_DS_EPAE_20181018T053000_S20181018T023228_N02.06" itemURL="/dpc/data/phoebus-share/PHOEBUS-3.4.1/wp_in_progress/l1c_20181018_15/app_data/steps_data/DS/GET_TILE_LIST_OUTPUT/S2A_OPER_MSI_L1C_DS_EPAE_20181018T053000_S20181018T023228_N02.06/" name="Checks if Information Category is correctly defined. " priority="5" processingStatus="done" status="PASSED"/>
                    <message contentType="text/plain">Category ok for : S2_Level-1C_Datastrip_Information</message>
                </check>
                <check>
                    <inspection creation="2018-10-18T06:14:15.967Z" duration="39" execution="2018-10-18T06:14:15.989Z" id="frameSetClassification" item="S2A_OPER_MSI_L1C_DS_EPAE_20181018T053000_S20181018T023228_N02.06" itemURL="/dpc/data/phoebus-share/PHOEBUS-3.4.1/wp_in_progress/l1c_20181018_15/app_data/steps_data/DS/GET_TILE_LIST_OUTPUT/S2A_OPER_MSI_L1C_DS_EPAE_20181018T053000_S20181018T023228_N02.06/" name="Checks if MeasurementFrameSet Classification is correctly defined. " priority="5" processingStatus="done" status="PASSED"/>
                    <message contentType="text/plain">Classification ok for : measurementFrameSet</message>
                </check>
                <check>
                    <inspection creation="2018-10-18T06:14:16.030Z" duration="35" execution="2018-10-18T06:14:16.051Z" id="annotationCategory" item="S2A_OPER_MSI_L1C_DS_EPAE_20181018T053000_S20181018T023228_N02.06" itemURL="/dpc/data/phoebus-share/PHOEBUS-3.4.1/wp_in_progress/l1c_20181018_15/app_data/steps_data/DS/GET_TILE_LIST_OUTPUT/S2A_OPER_MSI_L1C_DS_EPAE_20181018T053000_S20181018T023228_N02.06/" name="Checks if Annotation Category is correctly defined. " priority="5" processingStatus="done" status="PASSED"/>
                    <message contentType="text/plain">No Index classification in product.</message>
                </check>
                <check>
                    <inspection creation="2018-10-18T06:14:16.088Z" duration="8" execution="2018-10-18T06:14:16.100Z" id="platformCategory" item="S2A_OPER_MSI_L1C_DS_EPAE_20181018T053000_S20181018T023228_N02.06" itemURL="/dpc/data/phoebus-share/PHOEBUS-3.4.1/wp_in_progress/l1c_20181018_15/app_data/steps_data/DS/GET_TILE_LIST_OUTPUT/S2A_OPER_MSI_L1C_DS_EPAE_20181018T053000_S20181018T023228_N02.06/" name="Checks if Platform Category is correctly defined. " priority="5" processingStatus="done" status="PASSED"/>
                    <message contentType="text/plain">Platform Category is Ok.</message>
                </check>
                <check>
                    <inspection creation="2018-10-18T06:14:16.110Z" duration="32" execution="2018-10-18T06:14:16.129Z" id="schemaClassification" item="S2A_OPER_MSI_L1C_DS_EPAE_20181018T053000_S20181018T023228_N02.06" itemURL="/dpc/data/phoebus-share/PHOEBUS-3.4.1/wp_in_progress/l1c_20181018_15/app_data/steps_data/DS/GET_TILE_LIST_OUTPUT/S2A_OPER_MSI_L1C_DS_EPAE_20181018T053000_S20181018T023228_N02.06/" name="Checks if Schema Classification is correctly defined. " priority="5" processingStatus="done" status="PASSED"/>
                    <message contentType="text/plain">Classification ok for : S2_Level-1C_Datastrip_Schema, Inventory_Metadata_Schema, OLQC_Report_Schema</message>
                </check>
                <check>
                    <inspection creation="2018-10-18T06:14:16.164Z" duration="6" execution="2018-10-18T06:14:16.174Z" id="checkSafeManifest" item="S2A_OPER_MSI_L1C_DS_EPAE_20181018T053000_S20181018T023228_N02.06" itemURL="/dpc/data/phoebus-share/PHOEBUS-3.4.1/wp_in_progress/l1c_20181018_15/app_data/steps_data/DS/GET_TILE_LIST_OUTPUT/S2A_OPER_MSI_L1C_DS_EPAE_20181018T053000_S20181018T023228_N02.06/" name="Safe Manifest check. " priority="5" processingStatus="done" status="PASSED"/>
                    <message contentType="text/plain">Safe manifest present.</message>
                </check>
                <check>
                    <inspection creation="2018-10-18T06:14:16.182Z" duration="30" execution="2018-10-18T06:14:16.200Z" id="indexCategory" item="S2A_OPER_MSI_L1C_DS_EPAE_20181018T053000_S20181018T023228_N02.06" itemURL="/dpc/data/phoebus-share/PHOEBUS-3.4.1/wp_in_progress/l1c_20181018_15/app_data/steps_data/DS/GET_TILE_LIST_OUTPUT/S2A_OPER_MSI_L1C_DS_EPAE_20181018T053000_S20181018T023228_N02.06/" name="Checks if Index Category is correctly defined. " priority="5" processingStatus="done" status="PASSED"/>
                    <message contentType="text/plain">No Index classification in product.</message>
                </check>
                <check>
                    <inspection creation="2018-10-18T06:14:16.232Z" duration="210" execution="2018-10-18T06:14:16.347Z" id="idReferences" item="S2A_OPER_MSI_L1C_DS_EPAE_20181018T053000_S20181018T023228_N02.06" itemURL="/dpc/data/phoebus-share/PHOEBUS-3.4.1/wp_in_progress/l1c_20181018_15/app_data/steps_data/DS/GET_TILE_LIST_OUTPUT/S2A_OPER_MSI_L1C_DS_EPAE_20181018T053000_S20181018T023228_N02.06/" name="Checks if all the Id References defined in the product are valid. " priority="5" processingStatus="done" status="PASSED"/>
                    <message contentType="text/plain">All the Id References defined in the product are valid.</message>
                </check>
                <check>
                    <inspection creation="2018-10-18T06:14:16.559Z" duration="22" execution="2018-10-18T06:14:16.576Z" id="gridReferenceClassification" item="S2A_OPER_MSI_L1C_DS_EPAE_20181018T053000_S20181018T023228_N02.06" itemURL="/dpc/data/phoebus-share/PHOEBUS-3.4.1/wp_in_progress/l1c_20181018_15/app_data/steps_data/DS/GET_TILE_LIST_OUTPUT/S2A_OPER_MSI_L1C_DS_EPAE_20181018T053000_S20181018T023228_N02.06/" name="Checks if Grid Reference Classification is correctly defined. " priority="5" processingStatus="done" status="PASSED"/>
                    <message contentType="text/plain">No Index classification in product.</message>
                </check>
                <check>
                    <inspection creation="2018-10-18T06:14:16.600Z" duration="20" execution="2018-10-18T06:14:16.618Z" id="frameSetCategory" item="S2A_OPER_MSI_L1C_DS_EPAE_20181018T053000_S20181018T023228_N02.06" itemURL="/dpc/data/phoebus-share/PHOEBUS-3.4.1/wp_in_progress/l1c_20181018_15/app_data/steps_data/DS/GET_TILE_LIST_OUTPUT/S2A_OPER_MSI_L1C_DS_EPAE_20181018T053000_S20181018T023228_N02.06/" name="Checks if MeasurementFrameSet Category is correctly defined. " priority="5" processingStatus="done" status="PASSED"/>
                    <message contentType="text/plain">Category ok for : measurementFrameSet</message>
                </check>
                <check>
                    <inspection creation="2018-10-18T06:14:16.641Z" duration="5" execution="2018-10-18T06:14:16.652Z" id="processingClassification" item="S2A_OPER_MSI_L1C_DS_EPAE_20181018T053000_S20181018T023228_N02.06" itemURL="/dpc/data/phoebus-share/PHOEBUS-3.4.1/wp_in_progress/l1c_20181018_15/app_data/steps_data/DS/GET_TILE_LIST_OUTPUT/S2A_OPER_MSI_L1C_DS_EPAE_20181018T053000_S20181018T023228_N02.06/" name="Checks if Processing Classification is correctly defined. " priority="5" processingStatus="done" status="PASSED"/>
                    <message contentType="text/plain">Processing Classification is Ok.</message>
                </check>
                <check>
                    <inspection creation="2018-10-18T06:14:16.659Z" duration="27" execution="2018-10-18T06:14:16.673Z" id="extraData" item="S2A_OPER_MSI_L1C_DS_EPAE_20181018T053000_S20181018T023228_N02.06" itemURL="/dpc/data/phoebus-share/PHOEBUS-3.4.1/wp_in_progress/l1c_20181018_15/app_data/steps_data/DS/GET_TILE_LIST_OUTPUT/S2A_OPER_MSI_L1C_DS_EPAE_20181018T053000_S20181018T023228_N02.06/" name="Checks if Extra Files are present in product directory. " priority="5" processingStatus="done" status="PASSED"/>
                    <message contentType="text/plain">No Extra Files found in product directory.</message>
                </check>
                <check>
                    <inspection creation="2018-10-18T06:14:16.702Z" duration="20" execution="2018-10-18T06:14:16.724Z" id="hrefExist" item="S2A_OPER_MSI_L1C_DS_EPAE_20181018T053000_S20181018T023228_N02.06" itemURL="/dpc/data/phoebus-share/PHOEBUS-3.4.1/wp_in_progress/l1c_20181018_15/app_data/steps_data/DS/GET_TILE_LIST_OUTPUT/S2A_OPER_MSI_L1C_DS_EPAE_20181018T053000_S20181018T023228_N02.06/" name="Checks if all external references are present in the product directory. " priority="5" processingStatus="done" status="PASSED"/>
                    <message contentType="text/plain">All external references are present in the product directory.</message>
                </check>
                <check>
                    <inspection creation="2018-10-18T06:14:16.746Z" duration="6" execution="2018-10-18T06:14:16.756Z" id="processingCategory" item="S2A_OPER_MSI_L1C_DS_EPAE_20181018T053000_S20181018T023228_N02.06" itemURL="/dpc/data/phoebus-share/PHOEBUS-3.4.1/wp_in_progress/l1c_20181018_15/app_data/steps_data/DS/GET_TILE_LIST_OUTPUT/S2A_OPER_MSI_L1C_DS_EPAE_20181018T053000_S20181018T023228_N02.06/" name="Checks if Processing Category is correctly defined. " priority="5" processingStatus="done" status="PASSED"/>
                    <message contentType="text/plain">Processing Category is Ok.</message>
                </check>
                <check>
                    <inspection creation="2018-10-18T06:14:16.764Z" duration="5" execution="2018-10-18T06:14:16.774Z" id="acquisitionPeriodClassification" item="S2A_OPER_MSI_L1C_DS_EPAE_20181018T053000_S20181018T023228_N02.06" itemURL="/dpc/data/phoebus-share/PHOEBUS-3.4.1/wp_in_progress/l1c_20181018_15/app_data/steps_data/DS/GET_TILE_LIST_OUTPUT/S2A_OPER_MSI_L1C_DS_EPAE_20181018T053000_S20181018T023228_N02.06/" name="Checks if Acquisition Period Classification is correctly defined. " priority="5" processingStatus="done" status="PASSED"/>
                    <message contentType="text/plain">Acquisition Period Classification is Ok.</message>
                </check>
                <check>
                    <inspection creation="2018-10-18T06:14:16.781Z" duration="19" execution="2018-10-18T06:14:16.797Z" id="indexClassification" item="S2A_OPER_MSI_L1C_DS_EPAE_20181018T053000_S20181018T023228_N02.06" itemURL="/dpc/data/phoebus-share/PHOEBUS-3.4.1/wp_in_progress/l1c_20181018_15/app_data/steps_data/DS/GET_TILE_LIST_OUTPUT/S2A_OPER_MSI_L1C_DS_EPAE_20181018T053000_S20181018T023228_N02.06/" name="Checks if Index Classification is correctly defined. " priority="5" processingStatus="done" status="PASSED"/>
                    <message contentType="text/plain">No Index classification in product.</message>
                </check>
                <check>
                    <inspection creation="2018-10-18T06:14:16.818Z" duration="5" execution="2018-10-18T06:14:16.829Z" id="platformClassification" item="S2A_OPER_MSI_L1C_DS_EPAE_20181018T053000_S20181018T023228_N02.06" itemURL="/dpc/data/phoebus-share/PHOEBUS-3.4.1/wp_in_progress/l1c_20181018_15/app_data/steps_data/DS/GET_TILE_LIST_OUTPUT/S2A_OPER_MSI_L1C_DS_EPAE_20181018T053000_S20181018T023228_N02.06/" name="Checks if Platform Classification is correctly defined. " priority="5" processingStatus="done" status="PASSED"/>
                    <message contentType="text/plain">Platform Classification is Ok.</message>
                </check>
                <check>
                    <inspection creation="2018-10-18T06:14:16.836Z" duration="19" execution="2018-10-18T06:14:16.852Z" id="annotationClassification" item="S2A_OPER_MSI_L1C_DS_EPAE_20181018T053000_S20181018T023228_N02.06" itemURL="/dpc/data/phoebus-share/PHOEBUS-3.4.1/wp_in_progress/l1c_20181018_15/app_data/steps_data/DS/GET_TILE_LIST_OUTPUT/S2A_OPER_MSI_L1C_DS_EPAE_20181018T053000_S20181018T023228_N02.06/" name="Checks if Annotation Classification is correctly defined. " priority="5" processingStatus="done" status="PASSED"/>
                    <message contentType="text/plain">No Index classification in product.</message>
                </check>
                <check>
                    <inspection creation="2018-10-18T06:14:19.823Z" duration="2" execution="2018-10-18T06:14:19.835Z" id="Start_Stop_Time" item="S2A_OPER_MTD_L1C_DS_EPAE_20181018T053000_S20181018T023228.xml" itemURL="/dpc/data/phoebus-share/PHOEBUS-3.4.1/wp_in_progress/l1c_20181018_15/app_data/steps_data/DS/GET_TILE_LIST_OUTPUT/S2A_OPER_MSI_L1C_DS_EPAE_20181018T053000_S20181018T023228_N02.06/S2A_OPER_MTD_L1C_DS_EPAE_20181018T053000_S20181018T023228.xml" name="Check start/stop time validity. " priority="5" processingStatus="done" status="PASSED"/>
                    <message contentType="text/plain">Sensing period is valid. </message>
                    <extraValues>
                        <value name="SENSING_START">2018-10-18T02:32:28.161Z</value>
                        <value name="SENSING_STOP">2018-10-18T02:45:23.832Z</value>
                    </extraValues>
                </check>
                <check>
                    <inspection creation="2018-10-18T06:14:19.855Z" duration="20" execution="2018-10-18T06:14:19.869Z" id="orbitReferenceClassification" item="S2A_OPER_MSI_L1C_DS_EPAE_20181018T053000_S20181018T023228_N02.06" itemURL="/dpc/data/phoebus-share/PHOEBUS-3.4.1/wp_in_progress/l1c_20181018_15/app_data/steps_data/DS/GET_TILE_LIST_OUTPUT/S2A_OPER_MSI_L1C_DS_EPAE_20181018T053000_S20181018T023228_N02.06/" name="Checks if Orbit Reference Classification is correctly defined. " priority="5" processingStatus="done" status="PASSED"/>
                    <message contentType="text/plain">Classification ok for : measurementOrbitReference</message>
                </check>
                <check>
                    <inspection creation="2018-10-18T06:14:19.891Z" duration="20" execution="2018-10-18T06:14:19.905Z" id="orbitReferenceCategory" item="S2A_OPER_MSI_L1C_DS_EPAE_20181018T053000_S20181018T023228_N02.06" itemURL="/dpc/data/phoebus-share/PHOEBUS-3.4.1/wp_in_progress/l1c_20181018_15/app_data/steps_data/DS/GET_TILE_LIST_OUTPUT/S2A_OPER_MSI_L1C_DS_EPAE_20181018T053000_S20181018T023228_N02.06/" name="Checks if Orbit Reference Category is correctly defined. " priority="5" processingStatus="done" status="PASSED"/>
                    <message contentType="text/plain">Category ok for : measurementOrbitReference</message>
                </check>
                <check>
                    <inspection creation="2018-10-18T06:14:19.927Z" duration="21" execution="2018-10-18T06:14:19.941Z" id="schemaCategory" item="S2A_OPER_MSI_L1C_DS_EPAE_20181018T053000_S20181018T023228_N02.06" itemURL="/dpc/data/phoebus-share/PHOEBUS-3.4.1/wp_in_progress/l1c_20181018_15/app_data/steps_data/DS/GET_TILE_LIST_OUTPUT/S2A_OPER_MSI_L1C_DS_EPAE_20181018T053000_S20181018T023228_N02.06/" name="Checks if Schema Category is correctly defined. " priority="5" processingStatus="done" status="PASSED"/>
                    <message contentType="text/plain">Category ok for : S2_Level-1C_Datastrip_Schema, Inventory_Metadata_Schema, OLQC_Report_Schema</message>
                </check>
                <check>
                    <inspection creation="2018-10-18T06:14:19.965Z" duration="20" execution="2018-10-18T06:14:19.979Z" id="gridReferenceCategory" item="S2A_OPER_MSI_L1C_DS_EPAE_20181018T053000_S20181018T023228_N02.06" itemURL="/dpc/data/phoebus-share/PHOEBUS-3.4.1/wp_in_progress/l1c_20181018_15/app_data/steps_data/DS/GET_TILE_LIST_OUTPUT/S2A_OPER_MSI_L1C_DS_EPAE_20181018T053000_S20181018T023228_N02.06/" name="Checks if Grid Reference Category is correctly defined. " priority="5" processingStatus="done" status="PASSED"/>
                    <message contentType="text/plain">No Index classification in product.</message>
                </check>
                <check>
                    <inspection creation="2018-10-18T06:14:20.001Z" duration="5" execution="2018-10-18T06:14:20.009Z" id="acquisitionPeriodExists" item="S2A_OPER_MSI_L1C_DS_EPAE_20181018T053000_S20181018T023228_N02.06" itemURL="/dpc/data/phoebus-share/PHOEBUS-3.4.1/wp_in_progress/l1c_20181018_15/app_data/steps_data/DS/GET_TILE_LIST_OUTPUT/S2A_OPER_MSI_L1C_DS_EPAE_20181018T053000_S20181018T023228_N02.06/" name="Checks if Acquisition Period is present. " priority="5" processingStatus="done" status="PASSED"/>
                    <message contentType="text/plain">Acquisition Period exists.</message>
                </check>
                <check>
                    <inspection creation="2018-10-18T06:14:20.016Z" duration="18" execution="2018-10-18T06:14:20.030Z" id="qualityInformationClassification" item="S2A_OPER_MSI_L1C_DS_EPAE_20181018T053000_S20181018T023228_N02.06" itemURL="/dpc/data/phoebus-share/PHOEBUS-3.4.1/wp_in_progress/l1c_20181018_15/app_data/steps_data/DS/GET_TILE_LIST_OUTPUT/S2A_OPER_MSI_L1C_DS_EPAE_20181018T053000_S20181018T023228_N02.06/" name="Checks if Quality Information Classification is correctly defined. " priority="5" processingStatus="done" status="PASSED"/>
                    <message contentType="text/plain">No Index classification in product.</message>
                </check>
                <check>
                    <inspection creation="2018-10-18T06:14:20.050Z" duration="5" execution="2018-10-18T06:14:20.059Z" id="acquisitionPeriodCategory" item="S2A_OPER_MSI_L1C_DS_EPAE_20181018T053000_S20181018T023228_N02.06" itemURL="/dpc/data/phoebus-share/PHOEBUS-3.4.1/wp_in_progress/l1c_20181018_15/app_data/steps_data/DS/GET_TILE_LIST_OUTPUT/S2A_OPER_MSI_L1C_DS_EPAE_20181018T053000_S20181018T023228_N02.06/" name="Checks if Acquisition Period Category is correctly defined. " priority="5" processingStatus="done" status="PASSED"/>
                    <message contentType="text/plain">Acquisition Period Category is Ok.</message>
                </check>
                <check>
                    <inspection creation="2018-10-18T06:14:20.066Z" duration="20" execution="2018-10-18T06:14:20.080Z" id="qualityInformationCategory" item="S2A_OPER_MSI_L1C_DS_EPAE_20181018T053000_S20181018T023228_N02.06" itemURL="/dpc/data/phoebus-share/PHOEBUS-3.4.1/wp_in_progress/l1c_20181018_15/app_data/steps_data/DS/GET_TILE_LIST_OUTPUT/S2A_OPER_MSI_L1C_DS_EPAE_20181018T053000_S20181018T023228_N02.06/" name="Checks if Quality Information Category is correctly defined. " priority="5" processingStatus="done" status="PASSED"/>
                    <message contentType="text/plain">No Index classification in product.</message>
                </check>
                <check>
                    <inspection creation="2018-10-18T06:14:20.102Z" duration="20" execution="2018-10-18T06:14:20.115Z" id="informationClassification" item="S2A_OPER_MSI_L1C_DS_EPAE_20181018T053000_S20181018T023228_N02.06" itemURL="/dpc/data/phoebus-share/PHOEBUS-3.4.1/wp_in_progress/l1c_20181018_15/app_data/steps_data/DS/GET_TILE_LIST_OUTPUT/S2A_OPER_MSI_L1C_DS_EPAE_20181018T053000_S20181018T023228_N02.06/" name="Checks if Information Classification is correctly defined. " priority="5" processingStatus="done" status="PASSED"/>
                    <message contentType="text/plain">Classification ok for : S2_Level-1C_Datastrip_Information</message>
                </check>
                <check>
                    <inspection creation="2018-10-18T06:14:20.138Z" duration="5" execution="2018-10-18T06:14:20.145Z" id="processingExists" item="S2A_OPER_MSI_L1C_DS_EPAE_20181018T053000_S20181018T023228_N02.06" itemURL="/dpc/data/phoebus-share/PHOEBUS-3.4.1/wp_in_progress/l1c_20181018_15/app_data/steps_data/DS/GET_TILE_LIST_OUTPUT/S2A_OPER_MSI_L1C_DS_EPAE_20181018T053000_S20181018T023228_N02.06/" name="Checks if Processing metadata is present. " priority="5" processingStatus="done" status="PASSED"/>
                    <message contentType="text/plain">Processing exists.</message>
                </check>
            </checkList>
        </report>
    </Data_Block>
</Earth_Explorer_File>
