<?xml version="1.0" encoding="UTF-8" standalone="yes"?>
<Earth_Explorer_File xmlns="http://gs2.esa.int/DATA_STRUCTURE/olqcReport">
    <Earth_Explorer_Header>
        <Fixed_Header>
            <File_Name>S2A_OPER_MSI_L1C_DS_EPAE_20181018T053000_S20181018T023228_GENERAL_QUALITY_report.xml</File_Name>
            <File_Description>Report produced by OLQC-SC</File_Description>
            <Notes></Notes>
            <Mission>S2A</Mission>
            <File_Class>OPER</File_Class>
            <File_Type>REP_OLQCPA</File_Type>
            <Validity_Period>
                <Validity_Start>UTC=2015-06-22T00:00:00</Validity_Start>
                <Validity_Stop>UTC=2100-01-01T00:00:00</Validity_Stop>
            </Validity_Period>
            <File_Version>2</File_Version>
            <Source>
                <System>OLQC-SC</System>
                <Creator>OLQC-SC</Creator>
                <Creator_Version>01.06.02</Creator_Version>
                <Creation_Date>UTC=2018-10-18T06:14:15</Creation_Date>
            </Source>
        </Fixed_Header>
    </Earth_Explorer_Header>
    <Data_Block type="xml">
        <report gippVersion="1.0" globalStatus="PASSED" date="2018-10-18T06:14:15.873Z">
            <checkList>
                <parentID>S2A_OPER_GIP_OLQCPA_MPC__20180528T000018_V20150622T000000</parentID>
                <name>GENERAL_QUALITY</name>
                <version>1.0</version>
                <item url="/dpc/data/phoebus-share/PHOEBUS-3.4.1/wp_in_progress/l1c_20181018_15/app_data/steps_data/DS/GET_TILE_LIST_OUTPUT/S2A_OPER_MSI_L1C_DS_EPAE_20181018T053000_S20181018T023228_N02.06/" className="PDI Level 1C Datastrip Folder" name="S2A_OPER_MSI_L1C_DS_EPAE_20181018T053000_S20181018T023228_N02.06" class="http://www.esa.int/s2#pdi_level_1c_datastrip_container"/>
                <check>
                    <inspection creation="2018-10-18T06:14:14.254Z" duration="1381" execution="2018-10-18T06:14:14.471Z" id="checkMetadata" item="S2A_OPER_MSI_L1C_DS_EPAE_20181018T053000_S20181018T023228_N02.06" itemURL="/dpc/data/phoebus-share/PHOEBUS-3.4.1/wp_in_progress/l1c_20181018_15/app_data/steps_data/DS/GET_TILE_LIST_OUTPUT/S2A_OPER_MSI_L1C_DS_EPAE_20181018T053000_S20181018T023228_N02.06/" name="Metadata file check. " priority="5" processingStatus="done" status="PASSED"/>
                    <message contentType="text/plain">Metadata file is present.</message>
                </check>
                <check>
                    <inspection creation="2018-10-18T06:14:16.897Z" duration="646" execution="2018-10-18T06:14:16.933Z" id="List_Fake_Decompressed_Source_Frames" item="S2A_OPER_MTD_L1C_DS_EPAE_20181018T053000_S20181018T023228.xml" itemURL="/dpc/data/phoebus-share/PHOEBUS-3.4.1/wp_in_progress/l1c_20181018_15/app_data/steps_data/DS/GET_TILE_LIST_OUTPUT/S2A_OPER_MSI_L1C_DS_EPAE_20181018T053000_S20181018T023228_N02.06/S2A_OPER_MTD_L1C_DS_EPAE_20181018T053000_S20181018T023228.xml" name="Check list of fake decompressed sources frames  " priority="5" processingStatus="done" status="PASSED"/>
                    <message contentType="text/plain">Fake decompressed source frames are valid. </message>
                </check>
                <check>
                    <inspection creation="2018-10-18T06:14:17.581Z" duration="2" execution="2018-10-18T06:14:17.596Z" id="Degraded_Packets" item="S2A_OPER_MTD_L1C_DS_EPAE_20181018T053000_S20181018T023228.xml" itemURL="/dpc/data/phoebus-share/PHOEBUS-3.4.1/wp_in_progress/l1c_20181018_15/app_data/steps_data/DS/GET_TILE_LIST_OUTPUT/S2A_OPER_MSI_L1C_DS_EPAE_20181018T053000_S20181018T023228_N02.06/S2A_OPER_MTD_L1C_DS_EPAE_20181018T053000_S20181018T023228.xml" name="Check the number of degraded packets " priority="5" processingStatus="done" status="PASSED"/>
                    <message contentType="text/plain">NUMBER_OF_TOO_DEGRADED_PACKETS value 0 does not exceed the threshold (0) </message>
                    <extraValues>
                        <value name="NUMBER_OF_TOO_DEGRADED_PACKETS">0</value>
                    </extraValues>
                </check>
                <check>
                    <inspection creation="2018-10-18T06:14:17.659Z" duration="1" execution="2018-10-18T06:14:17.679Z" id="Lost_Packets" item="S2A_OPER_MTD_L1C_DS_EPAE_20181018T053000_S20181018T023228.xml" itemURL="/dpc/data/phoebus-share/PHOEBUS-3.4.1/wp_in_progress/l1c_20181018_15/app_data/steps_data/DS/GET_TILE_LIST_OUTPUT/S2A_OPER_MSI_L1C_DS_EPAE_20181018T053000_S20181018T023228_N02.06/S2A_OPER_MTD_L1C_DS_EPAE_20181018T053000_S20181018T023228.xml" name="Check the number of lost packets " priority="5" processingStatus="done" status="PASSED"/>
                    <message contentType="text/plain">NUMBER_OF_LOST_PACKETS value 0 does not exceed the threshold (0) </message>
                    <extraValues>
                        <value name="NUMBER_OF_LOST_PACKETS">0</value>
                    </extraValues>
                </check>
                <check>
                    <inspection creation="2018-10-18T06:14:19.605Z" duration="3" execution="2018-10-18T06:14:19.617Z" id="Relative_Orbit_Number_DOWNLINK" item="S2A_OPER_MTD_L1C_DS_EPAE_20181018T053000_S20181018T023228.xml" itemURL="/dpc/data/phoebus-share/PHOEBUS-3.4.1/wp_in_progress/l1c_20181018_15/app_data/steps_data/DS/GET_TILE_LIST_OUTPUT/S2A_OPER_MSI_L1C_DS_EPAE_20181018T053000_S20181018T023228_N02.06/S2A_OPER_MTD_L1C_DS_EPAE_20181018T053000_S20181018T023228.xml" name="Check the consistency of downlink orbit number. " priority="5" processingStatus="done" status="PASSED"/>
                    <message contentType="text/plain">Downlink Orbit number (17347) is in range [0,99999] </message>
                    <extraValues>
                        <value name="DOWNLINK_ORBIT_NUMBER">17347</value>
                    </extraValues>
                </check>
                <check>
                    <inspection creation="2018-10-18T06:14:19.636Z" duration="2" execution="2018-10-18T06:14:19.650Z" id="Relative_Orbit_Number_SENSING" item="S2A_OPER_MTD_L1C_DS_EPAE_20181018T053000_S20181018T023228.xml" itemURL="/dpc/data/phoebus-share/PHOEBUS-3.4.1/wp_in_progress/l1c_20181018_15/app_data/steps_data/DS/GET_TILE_LIST_OUTPUT/S2A_OPER_MSI_L1C_DS_EPAE_20181018T053000_S20181018T023228_N02.06/S2A_OPER_MTD_L1C_DS_EPAE_20181018T053000_S20181018T023228.xml" name="Check the consistency of relative imaging orbit number. " priority="5" processingStatus="done" status="PASSED"/>
                    <message contentType="text/plain">Sensing orbit number (46) is in range [0,99999] </message>
                    <extraValues>
                        <value name="SENSING_ORBIT_NUMBER">46</value>
                    </extraValues>
                </check>
                <check>
                    <inspection creation="2018-10-18T06:14:19.700Z" duration="3" execution="2018-10-18T06:14:19.711Z" id="Processor_Version" item="S2A_OPER_MTD_L1C_DS_EPAE_20181018T053000_S20181018T023228.xml" itemURL="/dpc/data/phoebus-share/PHOEBUS-3.4.1/wp_in_progress/l1c_20181018_15/app_data/steps_data/DS/GET_TILE_LIST_OUTPUT/S2A_OPER_MSI_L1C_DS_EPAE_20181018T053000_S20181018T023228_N02.06/S2A_OPER_MTD_L1C_DS_EPAE_20181018T053000_S20181018T023228.xml" name="Check the processor version. " priority="5" processingStatus="done" status="PASSED"/>
                    <message contentType="text/plain">Processor version is valid (02.06) </message>
                    <extraValues>
                        <value name="PROCESSOR_VERSION">02.06</value>
                    </extraValues>
                </check>
            </checkList>
        </report>
    </Data_Block>
</Earth_Explorer_File>
