<?xml version="1.0" encoding="UTF-8" standalone="yes"?>
<Earth_Explorer_File xmlns="http://gs2.esa.int/DATA_STRUCTURE/olqcReport">
    <Earth_Explorer_Header>
        <Fixed_Header>
            <File_Name>S2A_OPER_MSI_L1C_DS_EPAE_20181018T053000_S20181018T023228_GEOMETRIC_QUALITY_report.xml</File_Name>
            <File_Description>Report produced by OLQC-SC</File_Description>
            <Notes></Notes>
            <Mission>S2A</Mission>
            <File_Class>OPER</File_Class>
            <File_Type>REP_OLQCPA</File_Type>
            <Validity_Period>
                <Validity_Start>UTC=2015-06-22T00:00:00</Validity_Start>
                <Validity_Stop>UTC=2100-01-01T00:00:00</Validity_Stop>
            </Validity_Period>
            <File_Version>2</File_Version>
            <Source>
                <System>OLQC-SC</System>
                <Creator>OLQC-SC</Creator>
                <Creator_Version>01.06.02</Creator_Version>
                <Creation_Date>UTC=2018-10-18T06:14:17</Creation_Date>
            </Source>
        </Fixed_Header>
    </Earth_Explorer_Header>
    <Data_Block type="xml">
        <report gippVersion="1.0" globalStatus="PASSED" date="2018-10-18T06:14:17.624Z">
            <checkList>
                <parentID>S2A_OPER_GIP_OLQCPA_MPC__20180528T000018_V20150622T000000</parentID>
                <name>GEOMETRIC_QUALITY</name>
                <version>1.0</version>
                <item url="/dpc/data/phoebus-share/PHOEBUS-3.4.1/wp_in_progress/l1c_20181018_15/app_data/steps_data/DS/GET_TILE_LIST_OUTPUT/S2A_OPER_MSI_L1C_DS_EPAE_20181018T053000_S20181018T023228_N02.06/" className="PDI Level 1C Datastrip Folder" name="S2A_OPER_MSI_L1C_DS_EPAE_20181018T053000_S20181018T023228_N02.06" class="http://www.esa.int/s2#pdi_level_1c_datastrip_container"/>
                <check>
                    <inspection creation="2018-10-18T06:14:17.600Z" duration="1" execution="2018-10-18T06:14:17.620Z" id="Geometric_Refining_Vnir_Swir_Registration" item="S2A_OPER_MTD_L1C_DS_EPAE_20181018T053000_S20181018T023228.xml" itemURL="/dpc/data/phoebus-share/PHOEBUS-3.4.1/wp_in_progress/l1c_20181018_15/app_data/steps_data/DS/GET_TILE_LIST_OUTPUT/S2A_OPER_MSI_L1C_DS_EPAE_20181018T053000_S20181018T023228_N02.06/S2A_OPER_MTD_L1C_DS_EPAE_20181018T053000_S20181018T023228.xml" name="Check of the correctness of the Geometric Refining: VNIR/SWIR Registration. " priority="5" processingStatus="done" status="PASSED"/>
                    <message contentType="text/plain">VNIR / SWIR bands have not been registered.</message>
                </check>
                <check>
                    <inspection creation="2018-10-18T06:14:17.626Z" duration="2" execution="2018-10-18T06:14:17.637Z" id="Ephemeris_Quality" item="S2A_OPER_MTD_L1C_DS_EPAE_20181018T053000_S20181018T023228.xml" itemURL="/dpc/data/phoebus-share/PHOEBUS-3.4.1/wp_in_progress/l1c_20181018_15/app_data/steps_data/DS/GET_TILE_LIST_OUTPUT/S2A_OPER_MSI_L1C_DS_EPAE_20181018T053000_S20181018T023228_N02.06/S2A_OPER_MTD_L1C_DS_EPAE_20181018T053000_S20181018T023228.xml" name="Check the ephemeris quality value. " priority="5" processingStatus="done" status="PASSED"/>
                    <message contentType="text/plain">Ephemeris quality is valid (3.0&lt;=9.0) </message>
                    <extraValues>
                        <value name="VALUE">3.0</value>
                        <value name="EXPECTED">9.0</value>
                    </extraValues>
                </check>
                <check>
                    <inspection creation="2018-10-18T06:14:17.642Z" duration="2" execution="2018-10-18T06:14:17.654Z" id="Planimetric_Stability" item="S2A_OPER_MTD_L1C_DS_EPAE_20181018T053000_S20181018T023228.xml" itemURL="/dpc/data/phoebus-share/PHOEBUS-3.4.1/wp_in_progress/l1c_20181018_15/app_data/steps_data/DS/GET_TILE_LIST_OUTPUT/S2A_OPER_MSI_L1C_DS_EPAE_20181018T053000_S20181018T023228_N02.06/S2A_OPER_MTD_L1C_DS_EPAE_20181018T053000_S20181018T023228.xml" name="Check the planimetric stability value  " priority="5" processingStatus="done" status="PASSED"/>
                    <message contentType="text/plain">Planimetric stability is valid (3.0&lt;5.0) </message>
                    <extraValues>
                        <value name="VALUE">3.0</value>
                        <value name="EXPECTED">5.0</value>
                    </extraValues>
                </check>
                <check>
                    <inspection creation="2018-10-18T06:14:17.710Z" duration="1093" execution="2018-10-18T06:14:17.721Z" id="Attitude_Quality_Indicator_Raw" item="S2A_OPER_MTD_L1C_DS_EPAE_20181018T053000_S20181018T023228.xml" itemURL="/dpc/data/phoebus-share/PHOEBUS-3.4.1/wp_in_progress/l1c_20181018_15/app_data/steps_data/DS/GET_TILE_LIST_OUTPUT/S2A_OPER_MSI_L1C_DS_EPAE_20181018T053000_S20181018T023228_N02.06/S2A_OPER_MTD_L1C_DS_EPAE_20181018T053000_S20181018T023228.xml" name="Check the admissibility of Raw Attitude Quality Indicator. " priority="5" processingStatus="done" status="PASSED"/>
                    <message contentType="text/plain">No wrong raw attitude indicators were found.</message>
                </check>
                <check>
                    <inspection creation="2018-10-18T06:14:18.877Z" duration="703" execution="2018-10-18T06:14:18.887Z" id="Attitude_Quality_Indicator_Corrected" item="S2A_OPER_MTD_L1C_DS_EPAE_20181018T053000_S20181018T023228.xml" itemURL="/dpc/data/phoebus-share/PHOEBUS-3.4.1/wp_in_progress/l1c_20181018_15/app_data/steps_data/DS/GET_TILE_LIST_OUTPUT/S2A_OPER_MSI_L1C_DS_EPAE_20181018T053000_S20181018T023228_N02.06/S2A_OPER_MTD_L1C_DS_EPAE_20181018T053000_S20181018T023228.xml" name="Check the admissibility of Corrected Attitude Quality Indicator. " priority="5" processingStatus="done" status="PASSED"/>
                    <message contentType="text/plain">No wrong corrected attitude indicators were found.</message>
                </check>
                <check>
                    <inspection creation="2018-10-18T06:14:19.670Z" duration="2" execution="2018-10-18T06:14:19.680Z" id="Absolute_Location_Value" item="S2A_OPER_MTD_L1C_DS_EPAE_20181018T053000_S20181018T023228.xml" itemURL="/dpc/data/phoebus-share/PHOEBUS-3.4.1/wp_in_progress/l1c_20181018_15/app_data/steps_data/DS/GET_TILE_LIST_OUTPUT/S2A_OPER_MSI_L1C_DS_EPAE_20181018T053000_S20181018T023228_N02.06/S2A_OPER_MTD_L1C_DS_EPAE_20181018T053000_S20181018T023228.xml" name="Check the absolute Location value. " priority="5" processingStatus="done" status="PASSED"/>
                    <message contentType="text/plain">Absolute location is valid (20.0&lt;30.0) </message>
                    <extraValues>
                        <value name="VALUE">20.0</value>
                        <value name="EXPECTED">30.0</value>
                    </extraValues>
                </check>
                <check>
                    <inspection creation="2018-10-18T06:14:19.747Z" duration="1" execution="2018-10-18T06:14:19.764Z" id="Geometric_Refining_Image_Refining" item="S2A_OPER_MTD_L1C_DS_EPAE_20181018T053000_S20181018T023228.xml" itemURL="/dpc/data/phoebus-share/PHOEBUS-3.4.1/wp_in_progress/l1c_20181018_15/app_data/steps_data/DS/GET_TILE_LIST_OUTPUT/S2A_OPER_MSI_L1C_DS_EPAE_20181018T053000_S20181018T023228_N02.06/S2A_OPER_MTD_L1C_DS_EPAE_20181018T053000_S20181018T023228.xml" name="Check of the correctness of the Geometric Refining: Image Refining. " priority="5" processingStatus="done" status="PASSED"/>
                    <message contentType="text/plain">Geometry of image has not been refined.</message>
                </check>
                <check>
                    <inspection creation="2018-10-18T06:14:19.781Z" duration="2" execution="2018-10-18T06:14:19.818Z" id="Geometric_Refining_Spatio_Residual_Histograms" item="S2A_OPER_MTD_L1C_DS_EPAE_20181018T053000_S20181018T023228.xml" itemURL="/dpc/data/phoebus-share/PHOEBUS-3.4.1/wp_in_progress/l1c_20181018_15/app_data/steps_data/DS/GET_TILE_LIST_OUTPUT/S2A_OPER_MSI_L1C_DS_EPAE_20181018T053000_S20181018T023228_N02.06/S2A_OPER_MTD_L1C_DS_EPAE_20181018T053000_S20181018T023228.xml" name="Check of the correctness of the Geometric Refining: Spatio Residual Histograms. " priority="5" processingStatus="done" status="PASSED"/>
                    <message contentType="text/plain">Geometric Spatio Residual Histograms not computed.</message>
                </check>
            </checkList>
        </report>
    </Data_Block>
</Earth_Explorer_File>
