<?xml version="1.0" encoding="UTF-8" standalone="yes"?>
<Earth_Explorer_File xmlns="http://gs2.esa.int/DATA_STRUCTURE/olqcReport">
    <Earth_Explorer_Header>
        <Fixed_Header>
            <File_Name>S2A_OPER_MSI_L1C_DS_EPAE_20181018T053000_S20181018T023228_RADIOMETRIC_QUALITY_report.xml</File_Name>
            <File_Description>Report produced by OLQC-SC</File_Description>
            <Notes></Notes>
            <Mission>S2A</Mission>
            <File_Class>OPER</File_Class>
            <File_Type>REP_OLQCPA</File_Type>
            <Validity_Period>
                <Validity_Start>UTC=2015-06-22T00:00:00</Validity_Start>
                <Validity_Stop>UTC=2100-01-01T00:00:00</Validity_Stop>
            </Validity_Period>
            <File_Version>2</File_Version>
            <Source>
                <System>OLQC-SC</System>
                <Creator>OLQC-SC</Creator>
                <Creator_Version>01.06.02</Creator_Version>
                <Creation_Date>UTC=2018-10-18T06:14:17</Creation_Date>
            </Source>
        </Fixed_Header>
    </Earth_Explorer_Header>
    <Data_Block type="xml">
        <report gippVersion="1.0" globalStatus="PASSED" date="2018-10-18T06:14:17.708Z">
            <checkList>
                <parentID>S2A_OPER_GIP_OLQCPA_MPC__20180528T000018_V20150622T000000</parentID>
                <name>RADIOMETRIC_QUALITY</name>
                <version>1.0</version>
                <item url="/dpc/data/phoebus-share/PHOEBUS-3.4.1/wp_in_progress/l1c_20181018_15/app_data/steps_data/DS/GET_TILE_LIST_OUTPUT/S2A_OPER_MSI_L1C_DS_EPAE_20181018T053000_S20181018T023228_N02.06/" className="PDI Level 1C Datastrip Folder" name="S2A_OPER_MSI_L1C_DS_EPAE_20181018T053000_S20181018T023228_N02.06" class="http://www.esa.int/s2#pdi_level_1c_datastrip_container"/>
                <check>
                    <inspection creation="2018-10-18T06:14:17.696Z" duration="0" execution="2018-10-18T06:14:17.705Z" id="EqualizationFlag" item="S2A_OPER_MTD_L1C_DS_EPAE_20181018T053000_S20181018T023228.xml" itemURL="/dpc/data/phoebus-share/PHOEBUS-3.4.1/wp_in_progress/l1c_20181018_15/app_data/steps_data/DS/GET_TILE_LIST_OUTPUT/S2A_OPER_MSI_L1C_DS_EPAE_20181018T053000_S20181018T023228_N02.06/S2A_OPER_MTD_L1C_DS_EPAE_20181018T053000_S20181018T023228.xml" name="Check EQUALIZATION_MODE " priority="5" processingStatus="done" status="PASSED"/>
                    <message contentType="text/plain">Equalization Mode is set to TRUE</message>
                </check>
                <check>
                    <inspection creation="2018-10-18T06:14:18.817Z" duration="25" execution="2018-10-18T06:14:18.833Z" id="SolarRadiance" item="S2A_OPER_MTD_L1C_DS_EPAE_20181018T053000_S20181018T023228.xml" itemURL="/dpc/data/phoebus-share/PHOEBUS-3.4.1/wp_in_progress/l1c_20181018_15/app_data/steps_data/DS/GET_TILE_LIST_OUTPUT/S2A_OPER_MSI_L1C_DS_EPAE_20181018T053000_S20181018T023228_N02.06/S2A_OPER_MTD_L1C_DS_EPAE_20181018T053000_S20181018T023228.xml" name="Check Solar Radiance " priority="5" processingStatus="done" status="PASSED"/>
                    <message contentType="text/plain">SOLAR RADIANCE is OK</message>
                </check>
                <check>
                    <inspection creation="2018-10-18T06:14:19.654Z" duration="4" execution="2018-10-18T06:14:19.664Z" id="Radiometric_Quality_Indicators_Cross_Band" item="S2A_OPER_MTD_L1C_DS_EPAE_20181018T053000_S20181018T023228.xml" itemURL="/dpc/data/phoebus-share/PHOEBUS-3.4.1/wp_in_progress/l1c_20181018_15/app_data/steps_data/DS/GET_TILE_LIST_OUTPUT/S2A_OPER_MSI_L1C_DS_EPAE_20181018T053000_S20181018T023228_N02.06/S2A_OPER_MTD_L1C_DS_EPAE_20181018T053000_S20181018T023228.xml" name="Check on the Radiometric Quality Indicators : Cross Band Calibration Accuracy. " priority="5" processingStatus="done" status="PASSED"/>
                    <message contentType="text/plain">Cross band calibration accuracy is correct.</message>
                </check>
                <check>
                    <inspection creation="2018-10-18T06:14:19.684Z" duration="5" execution="2018-10-18T06:14:19.693Z" id="QuantificationValue" item="S2A_OPER_MTD_L1C_DS_EPAE_20181018T053000_S20181018T023228.xml" itemURL="/dpc/data/phoebus-share/PHOEBUS-3.4.1/wp_in_progress/l1c_20181018_15/app_data/steps_data/DS/GET_TILE_LIST_OUTPUT/S2A_OPER_MSI_L1C_DS_EPAE_20181018T053000_S20181018T023228_N02.06/S2A_OPER_MTD_L1C_DS_EPAE_20181018T053000_S20181018T023228.xml" name="Check QUANTIFICATION_VALUE " priority="5" processingStatus="done" status="PASSED"/>
                    <message contentType="text/plain">QUANTIFICATION_VALUE is OK</message>
                </check>
                <check>
                    <inspection creation="2018-10-18T06:14:19.717Z" duration="15" execution="2018-10-18T06:14:19.730Z" id="IntegrationTime" item="S2A_OPER_MTD_L1C_DS_EPAE_20181018T053000_S20181018T023228.xml" itemURL="/dpc/data/phoebus-share/PHOEBUS-3.4.1/wp_in_progress/l1c_20181018_15/app_data/steps_data/DS/GET_TILE_LIST_OUTPUT/S2A_OPER_MSI_L1C_DS_EPAE_20181018T053000_S20181018T023228_N02.06/S2A_OPER_MTD_L1C_DS_EPAE_20181018T053000_S20181018T023228.xml" name="Check INTEGRATION_TIME " priority="5" processingStatus="done" status="PASSED"/>
                    <message contentType="text/plain">INTEGRATION_TIME is OK</message>
                </check>
                <check>
                    <inspection creation="2018-10-18T06:14:19.767Z" duration="2" execution="2018-10-18T06:14:19.777Z" id="Radiometric_Quality_Indicators_Multi_Temporal" item="S2A_OPER_MTD_L1C_DS_EPAE_20181018T053000_S20181018T023228.xml" itemURL="/dpc/data/phoebus-share/PHOEBUS-3.4.1/wp_in_progress/l1c_20181018_15/app_data/steps_data/DS/GET_TILE_LIST_OUTPUT/S2A_OPER_MSI_L1C_DS_EPAE_20181018T053000_S20181018T023228_N02.06/S2A_OPER_MTD_L1C_DS_EPAE_20181018T053000_S20181018T023228.xml" name="Check on the Radiometric Quality Indicators : Multi-Temporal Calibration Accuracy. " priority="5" processingStatus="done" status="PASSED"/>
                    <message contentType="text/plain">Multi-temporal calibration accuracy is correct.</message>
                </check>
                <check>
                    <inspection creation="2018-10-18T06:14:19.840Z" duration="2" execution="2018-10-18T06:14:19.850Z" id="Radiometric_Quality_Indicators_Absolute" item="S2A_OPER_MTD_L1C_DS_EPAE_20181018T053000_S20181018T023228.xml" itemURL="/dpc/data/phoebus-share/PHOEBUS-3.4.1/wp_in_progress/l1c_20181018_15/app_data/steps_data/DS/GET_TILE_LIST_OUTPUT/S2A_OPER_MSI_L1C_DS_EPAE_20181018T053000_S20181018T023228_N02.06/S2A_OPER_MTD_L1C_DS_EPAE_20181018T053000_S20181018T023228.xml" name="Check on the Radiometric Quality Indicators : Absolute Calibration Accuracy. " priority="5" processingStatus="done" status="PASSED"/>
                    <message contentType="text/plain">Absolute calibration accuracy is correct.</message>
                </check>
            </checkList>
        </report>
    </Data_Block>
</Earth_Explorer_File>
