<?xml version="1.0" encoding="UTF-8" standalone="yes"?>
<Earth_Explorer_File xmlns="http://gs2.esa.int/DATA_STRUCTURE/olqcReport">
    <Earth_Explorer_Header>
        <Fixed_Header>
            <File_Name>S2A_OPER_MSI_L1C_DS_EPAE_20181018T053000_S20181018T023228_SENSOR_QUALITY_report.xml</File_Name>
            <File_Description>Report produced by OLQC-SC</File_Description>
            <Notes></Notes>
            <Mission>S2A</Mission>
            <File_Class>OPER</File_Class>
            <File_Type>REP_OLQCPA</File_Type>
            <Validity_Period>
                <Validity_Start>UTC=2015-06-22T00:00:00</Validity_Start>
                <Validity_Stop>UTC=2100-01-01T00:00:00</Validity_Stop>
            </Validity_Period>
            <File_Version>2</File_Version>
            <Source>
                <System>OLQC-SC</System>
                <Creator>OLQC-SC</Creator>
                <Creator_Version>01.06.02</Creator_Version>
                <Creation_Date>UTC=2018-10-18T06:14:15</Creation_Date>
            </Source>
        </Fixed_Header>
    </Earth_Explorer_Header>
    <Data_Block type="xml">
        <report gippVersion="1.0" globalStatus="PASSED" date="2018-10-18T06:14:15.868Z">
            <checkList>
                <parentID>S2A_OPER_GIP_OLQCPA_MPC__20180528T000018_V20150622T000000</parentID>
                <name>SENSOR_QUALITY</name>
                <version>1.0</version>
                <item url="/dpc/data/phoebus-share/PHOEBUS-3.4.1/wp_in_progress/l1c_20181018_15/app_data/steps_data/DS/GET_TILE_LIST_OUTPUT/S2A_OPER_MSI_L1C_DS_EPAE_20181018T053000_S20181018T023228_N02.06/" className="PDI Level 1C Datastrip Folder" name="S2A_OPER_MSI_L1C_DS_EPAE_20181018T053000_S20181018T023228_N02.06" class="http://www.esa.int/s2#pdi_level_1c_datastrip_container"/>
                <check>
                    <inspection creation="2018-10-18T06:14:14.254Z" duration="1381" execution="2018-10-18T06:14:14.471Z" id="checkMetadata" item="S2A_OPER_MSI_L1C_DS_EPAE_20181018T053000_S20181018T023228_N02.06" itemURL="/dpc/data/phoebus-share/PHOEBUS-3.4.1/wp_in_progress/l1c_20181018_15/app_data/steps_data/DS/GET_TILE_LIST_OUTPUT/S2A_OPER_MSI_L1C_DS_EPAE_20181018T053000_S20181018T023228_N02.06/" name="Metadata file check. " priority="5" processingStatus="done" status="PASSED"/>
                    <message contentType="text/plain">Metadata file is present.</message>
                </check>
                <check>
                    <inspection creation="2018-10-18T06:14:17.683Z" duration="1" execution="2018-10-18T06:14:17.692Z" id="Datation_Model_GPS_SYNC" item="S2A_OPER_MTD_L1C_DS_EPAE_20181018T053000_S20181018T023228.xml" itemURL="/dpc/data/phoebus-share/PHOEBUS-3.4.1/wp_in_progress/l1c_20181018_15/app_data/steps_data/DS/GET_TILE_LIST_OUTPUT/S2A_OPER_MSI_L1C_DS_EPAE_20181018T053000_S20181018T023228_N02.06/S2A_OPER_MTD_L1C_DS_EPAE_20181018T053000_S20181018T023228.xml" name="Check the correctness of the Datation model with GPS_SYNC. " priority="5" processingStatus="done" status="PASSED"/>
                    <message contentType="text/plain">GPS is synchronized.</message>
                </check>
                <check>
                    <inspection creation="2018-10-18T06:14:18.861Z" duration="1" execution="2018-10-18T06:14:18.874Z" id="Datation_Model_RMOY" item="S2A_OPER_MTD_L1C_DS_EPAE_20181018T053000_S20181018T023228.xml" itemURL="/dpc/data/phoebus-share/PHOEBUS-3.4.1/wp_in_progress/l1c_20181018_15/app_data/steps_data/DS/GET_TILE_LIST_OUTPUT/S2A_OPER_MSI_L1C_DS_EPAE_20181018T053000_S20181018T023228_N02.06/S2A_OPER_MTD_L1C_DS_EPAE_20181018T053000_S20181018T023228.xml" name="Check the correctness of the Datation model with RMOY. " priority="5" processingStatus="done" status="PASSED"/>
                    <message contentType="text/plain">RMOY not found in dataset</message>
                </check>
                <check>
                    <inspection creation="2018-10-18T06:14:19.593Z" duration="1" execution="2018-10-18T06:14:19.602Z" id="Degraded_SAD" item="S2A_OPER_MTD_L1C_DS_EPAE_20181018T053000_S20181018T023228.xml" itemURL="/dpc/data/phoebus-share/PHOEBUS-3.4.1/wp_in_progress/l1c_20181018_15/app_data/steps_data/DS/GET_TILE_LIST_OUTPUT/S2A_OPER_MSI_L1C_DS_EPAE_20181018T053000_S20181018T023228_N02.06/S2A_OPER_MTD_L1C_DS_EPAE_20181018T053000_S20181018T023228.xml" name="Check the consistency of relative orbit. " priority="5" processingStatus="done" status="PASSED"/>
                    <message contentType="text/plain">No Degraded SAD</message>
                </check>
            </checkList>
        </report>
    </Data_Block>
</Earth_Explorer_File>
