<?xml version="1.0" encoding="UTF-8"?><Earth_Explorer_File xmlns="http://gs2.esa.int/DATA_STRUCTURE/olqcReport">
    <Earth_Explorer_Header>
        <Fixed_Header>
            <File_Name>GRANULE/L1C_T51SXB_A022494_20191013T022634/QI_DATA/FORMAT_CORRECTNESS.xml</File_Name>
            <File_Description>Report produced by OLQC-SC</File_Description>
            <Notes/>
            <Mission>S2A</Mission>
            <File_Class>OPER</File_Class>
            <File_Type>REP_OLQCPA</File_Type>
            <Validity_Period>
                <Validity_Start>UTC=2015-06-22T00:00:00</Validity_Start>
                <Validity_Stop>UTC=2100-01-01T00:00:00</Validity_Stop>
            </Validity_Period>
            <File_Version>2</File_Version>
            <Source>
                <System>OLQC-SC</System>
                <Creator>OLQC-SC</Creator>
                <Creator_Version>06.01.00</Creator_Version>
                <Creation_Date>UTC=2023-07-14T23:04:43</Creation_Date>
            </Source>
        </Fixed_Header>
    </Earth_Explorer_Header>
    <Data_Block type="xml">
        <report date="2023-07-14T23:04:43.280Z" gippVersion="1.0" globalStatus="PASSED">
            <checkList>
                <parentID>S2A_OPER_GIP_OLQCPA_MPC__20220715T000042_V20150622T000000</parentID>
                <name>FORMAT_CORRECTNESS</name>
                <version>1.0</version>
                <item class="http://www.esa.int/s2#pdi_level_1c_tile_container" className="PDI Level 1C Tile Folder" name="S2A_OPER_MSI_L1C_TL_S2RP_20230714T113326_A022494_T51SXB_N05.00" url="/DATA_OUT/S2A_OPER_MSI_L0__DS_EPAE_20191013T035908_S20191013T022634_N02.08/S2PDGS-TC-IPF-V2-ORCH-N-016_MPC_SCENARIO/TaskTable_20230714T113328/FORMAT_METADATA_TILE_L1C/output/PDI_DS_TILE_LIST/S2A_OPER_MSI_L1C_TL_S2RP_20230714T113326_A022494_T51SXB_N05.00/"/>
                <check>
                    <inspection creation="2023-07-14T23:04:43.069Z" duration="57" execution="2023-07-14T23:04:43.193Z" id="informationClassification" item="S2A_OPER_MSI_L1C_TL_S2RP_20230714T113326_A022494_T51SXB_N05.00" itemURL="/DATA_OUT/S2A_OPER_MSI_L0__DS_EPAE_20191013T035908_S20191013T022634_N02.08/S2PDGS-TC-IPF-V2-ORCH-N-016_MPC_SCENARIO/TaskTable_20230714T113328/FORMAT_METADATA_TILE_L1C/output/PDI_DS_TILE_LIST/S2A_OPER_MSI_L1C_TL_S2RP_20230714T113326_A022494_T51SXB_N05.00/" name="Checks if Information Classification is correctly defined. " priority="5" processingStatus="done" status="PASSED"/>
                    <message contentType="text/plain">Classification ok for : S2_Level-1C_Tile_Information</message>
                </check>
                <check>
                    <inspection creation="2023-07-14T23:04:43.284Z" duration="12" execution="2023-07-14T23:04:43.297Z" id="processingExists" item="S2A_OPER_MSI_L1C_TL_S2RP_20230714T113326_A022494_T51SXB_N05.00" itemURL="/DATA_OUT/S2A_OPER_MSI_L0__DS_EPAE_20191013T035908_S20191013T022634_N02.08/S2PDGS-TC-IPF-V2-ORCH-N-016_MPC_SCENARIO/TaskTable_20230714T113328/FORMAT_METADATA_TILE_L1C/output/PDI_DS_TILE_LIST/S2A_OPER_MSI_L1C_TL_S2RP_20230714T113326_A022494_T51SXB_N05.00/" name="Checks if Processing metadata is present. " priority="5" processingStatus="done" status="PASSED"/>
                    <message contentType="text/plain">Processing exists.</message>
                </check>
                <check>
                    <inspection creation="2023-07-14T23:04:43.316Z" duration="12" execution="2023-07-14T23:04:43.330Z" id="acquisitionPeriodClassification" item="S2A_OPER_MSI_L1C_TL_S2RP_20230714T113326_A022494_T51SXB_N05.00" itemURL="/DATA_OUT/S2A_OPER_MSI_L0__DS_EPAE_20191013T035908_S20191013T022634_N02.08/S2PDGS-TC-IPF-V2-ORCH-N-016_MPC_SCENARIO/TaskTable_20230714T113328/FORMAT_METADATA_TILE_L1C/output/PDI_DS_TILE_LIST/S2A_OPER_MSI_L1C_TL_S2RP_20230714T113326_A022494_T51SXB_N05.00/" name="Checks if Acquisition Period Classification is correctly defined. " priority="5" processingStatus="done" status="PASSED"/>
                    <message contentType="text/plain">Acquisition Period Classification is Ok.</message>
                </check>
                <check>
                    <inspection creation="2023-07-14T23:04:43.348Z" duration="66" execution="2023-07-14T23:04:43.372Z" id="informationCategory" item="S2A_OPER_MSI_L1C_TL_S2RP_20230714T113326_A022494_T51SXB_N05.00" itemURL="/DATA_OUT/S2A_OPER_MSI_L0__DS_EPAE_20191013T035908_S20191013T022634_N02.08/S2PDGS-TC-IPF-V2-ORCH-N-016_MPC_SCENARIO/TaskTable_20230714T113328/FORMAT_METADATA_TILE_L1C/output/PDI_DS_TILE_LIST/S2A_OPER_MSI_L1C_TL_S2RP_20230714T113326_A022494_T51SXB_N05.00/" name="Checks if Information Category is correctly defined. " priority="5" processingStatus="done" status="PASSED"/>
                    <message contentType="text/plain">Category ok for : S2_Level-1C_Tile_Information</message>
                </check>
                <check>
                    <inspection creation="2023-07-14T23:04:43.444Z" duration="29" execution="2023-07-14T23:04:43.466Z" id="frameSetCategory" item="S2A_OPER_MSI_L1C_TL_S2RP_20230714T113326_A022494_T51SXB_N05.00" itemURL="/DATA_OUT/S2A_OPER_MSI_L0__DS_EPAE_20191013T035908_S20191013T022634_N02.08/S2PDGS-TC-IPF-V2-ORCH-N-016_MPC_SCENARIO/TaskTable_20230714T113328/FORMAT_METADATA_TILE_L1C/output/PDI_DS_TILE_LIST/S2A_OPER_MSI_L1C_TL_S2RP_20230714T113326_A022494_T51SXB_N05.00/" name="Checks if MeasurementFrameSet Category is correctly defined. " priority="5" processingStatus="done" status="PASSED"/>
                    <message contentType="text/plain">Category ok for : measurementFrameSet</message>
                </check>
                <check>
                    <inspection creation="2023-07-14T23:04:43.500Z" duration="28" execution="2023-07-14T23:04:43.514Z" id="indexCategory" item="S2A_OPER_MSI_L1C_TL_S2RP_20230714T113326_A022494_T51SXB_N05.00" itemURL="/DATA_OUT/S2A_OPER_MSI_L0__DS_EPAE_20191013T035908_S20191013T022634_N02.08/S2PDGS-TC-IPF-V2-ORCH-N-016_MPC_SCENARIO/TaskTable_20230714T113328/FORMAT_METADATA_TILE_L1C/output/PDI_DS_TILE_LIST/S2A_OPER_MSI_L1C_TL_S2RP_20230714T113326_A022494_T51SXB_N05.00/" name="Checks if Index Category is correctly defined. " priority="5" processingStatus="done" status="PASSED"/>
                    <message contentType="text/plain">No Index classification in product.</message>
                </check>
                <check>
                    <inspection creation="2023-07-14T23:04:43.547Z" duration="30" execution="2023-07-14T23:04:43.563Z" id="qualityInformationClassification" item="S2A_OPER_MSI_L1C_TL_S2RP_20230714T113326_A022494_T51SXB_N05.00" itemURL="/DATA_OUT/S2A_OPER_MSI_L0__DS_EPAE_20191013T035908_S20191013T022634_N02.08/S2PDGS-TC-IPF-V2-ORCH-N-016_MPC_SCENARIO/TaskTable_20230714T113328/FORMAT_METADATA_TILE_L1C/output/PDI_DS_TILE_LIST/S2A_OPER_MSI_L1C_TL_S2RP_20230714T113326_A022494_T51SXB_N05.00/" name="Checks if Quality Information Classification is correctly defined. " priority="5" processingStatus="done" status="PASSED"/>
                    <message contentType="text/plain">No Index classification in product.</message>
                </check>
                <check>
                    <inspection creation="2023-07-14T23:04:43.598Z" duration="21" execution="2023-07-14T23:04:43.614Z" id="indexClassification" item="S2A_OPER_MSI_L1C_TL_S2RP_20230714T113326_A022494_T51SXB_N05.00" itemURL="/DATA_OUT/S2A_OPER_MSI_L0__DS_EPAE_20191013T035908_S20191013T022634_N02.08/S2PDGS-TC-IPF-V2-ORCH-N-016_MPC_SCENARIO/TaskTable_20230714T113328/FORMAT_METADATA_TILE_L1C/output/PDI_DS_TILE_LIST/S2A_OPER_MSI_L1C_TL_S2RP_20230714T113326_A022494_T51SXB_N05.00/" name="Checks if Index Classification is correctly defined. " priority="5" processingStatus="done" status="PASSED"/>
                    <message contentType="text/plain">No Index classification in product.</message>
                </check>
                <check>
                    <inspection creation="2023-07-14T23:04:43.640Z" duration="18" execution="2023-07-14T23:04:43.656Z" id="annotationClassification" item="S2A_OPER_MSI_L1C_TL_S2RP_20230714T113326_A022494_T51SXB_N05.00" itemURL="/DATA_OUT/S2A_OPER_MSI_L0__DS_EPAE_20191013T035908_S20191013T022634_N02.08/S2PDGS-TC-IPF-V2-ORCH-N-016_MPC_SCENARIO/TaskTable_20230714T113328/FORMAT_METADATA_TILE_L1C/output/PDI_DS_TILE_LIST/S2A_OPER_MSI_L1C_TL_S2RP_20230714T113326_A022494_T51SXB_N05.00/" name="Checks if Annotation Classification is correctly defined. " priority="5" processingStatus="done" status="PASSED"/>
                    <message contentType="text/plain">No Index classification in product.</message>
                </check>
                <check>
                    <inspection creation="2023-07-14T23:04:43.678Z" duration="634" execution="2023-07-14T23:04:43.690Z" id="checkMetadata" item="S2A_OPER_MSI_L1C_TL_S2RP_20230714T113326_A022494_T51SXB_N05.00" itemURL="/DATA_OUT/S2A_OPER_MSI_L0__DS_EPAE_20191013T035908_S20191013T022634_N02.08/S2PDGS-TC-IPF-V2-ORCH-N-016_MPC_SCENARIO/TaskTable_20230714T113328/FORMAT_METADATA_TILE_L1C/output/PDI_DS_TILE_LIST/S2A_OPER_MSI_L1C_TL_S2RP_20230714T113326_A022494_T51SXB_N05.00/" name="Metadata file check. " priority="5" processingStatus="done" status="PASSED"/>
                    <message contentType="text/plain">Metadata file is present.</message>
                </check>
                <check>
                    <inspection creation="2023-07-14T23:04:44.356Z" duration="22" execution="2023-07-14T23:04:44.381Z" id="schemaClassification" item="S2A_OPER_MSI_L1C_TL_S2RP_20230714T113326_A022494_T51SXB_N05.00" itemURL="/DATA_OUT/S2A_OPER_MSI_L0__DS_EPAE_20191013T035908_S20191013T022634_N02.08/S2PDGS-TC-IPF-V2-ORCH-N-016_MPC_SCENARIO/TaskTable_20230714T113328/FORMAT_METADATA_TILE_L1C/output/PDI_DS_TILE_LIST/S2A_OPER_MSI_L1C_TL_S2RP_20230714T113326_A022494_T51SXB_N05.00/" name="Checks if Schema Classification is correctly defined. " priority="5" processingStatus="done" status="PASSED"/>
                    <message contentType="text/plain">Classification ok for : S2_Level-1C_Tile_Schema, Inventory_Metadata_Schema, OLQC_Report_Schema</message>
                </check>
                <check>
                    <inspection creation="2023-07-14T23:04:44.471Z" duration="22" execution="2023-07-14T23:04:44.562Z" id="Tile_Position_Size" item="S2A_OPER_MTD_L1C_TL_S2RP_20230714T113326_A022494_T51SXB.xml" itemURL="/DATA_OUT/S2A_OPER_MSI_L0__DS_EPAE_20191013T035908_S20191013T022634_N02.08/S2PDGS-TC-IPF-V2-ORCH-N-016_MPC_SCENARIO/TaskTable_20230714T113328/FORMAT_METADATA_TILE_L1C/output/PDI_DS_TILE_LIST/S2A_OPER_MSI_L1C_TL_S2RP_20230714T113326_A022494_T51SXB_N05.00/S2A_OPER_MTD_L1C_TL_S2RP_20230714T113326_A022494_T51SXB.xml" name="Check of consistency of Tile Position by Size. " priority="5" processingStatus="done" status="PASSED"/>
                    <message contentType="text/plain">Tile image size is between [90000.0,110000.0].</message>
                </check>
                <check>
                    <inspection creation="2023-07-14T23:04:44.590Z" duration="11" execution="2023-07-14T23:04:44.624Z" id="Tile_Position_Geoposition" item="S2A_OPER_MTD_L1C_TL_S2RP_20230714T113326_A022494_T51SXB.xml" itemURL="/DATA_OUT/S2A_OPER_MSI_L0__DS_EPAE_20191013T035908_S20191013T022634_N02.08/S2PDGS-TC-IPF-V2-ORCH-N-016_MPC_SCENARIO/TaskTable_20230714T113328/FORMAT_METADATA_TILE_L1C/output/PDI_DS_TILE_LIST/S2A_OPER_MSI_L1C_TL_S2RP_20230714T113326_A022494_T51SXB_N05.00/S2A_OPER_MTD_L1C_TL_S2RP_20230714T113326_A022494_T51SXB.xml" name="Check of consistency of Tile Position by Geoposition. " priority="5" processingStatus="done" status="PASSED"/>
                    <message contentType="text/plain">Tile geoposition is valid.</message>
                    <extraValues>
                        <value name="ULX(10)">600000</value>
                        <value name="ULY(10)">4200000</value>
                        <value name="XDIM(10)">10</value>
                        <value name="YDIM(10)">-10</value>
                        <value name="ULX(20)">600000</value>
                        <value name="ULY(20)">4200000</value>
                        <value name="XDIM(20)">20</value>
                        <value name="YDIM(20)">-20</value>
                        <value name="ULX(60)">600000</value>
                        <value name="ULY(60)">4200000</value>
                        <value name="XDIM(60)">60</value>
                        <value name="YDIM(60)">-60</value>
                    </extraValues>
                </check>
                <check>
                    <inspection creation="2023-07-14T23:04:45.883Z" duration="55" execution="2023-07-14T23:04:45.905Z" id="frameSetClassification" item="S2A_OPER_MSI_L1C_TL_S2RP_20230714T113326_A022494_T51SXB_N05.00" itemURL="/DATA_OUT/S2A_OPER_MSI_L0__DS_EPAE_20191013T035908_S20191013T022634_N02.08/S2PDGS-TC-IPF-V2-ORCH-N-016_MPC_SCENARIO/TaskTable_20230714T113328/FORMAT_METADATA_TILE_L1C/output/PDI_DS_TILE_LIST/S2A_OPER_MSI_L1C_TL_S2RP_20230714T113326_A022494_T51SXB_N05.00/" name="Checks if MeasurementFrameSet Classification is correctly defined. " priority="5" processingStatus="done" status="PASSED"/>
                    <message contentType="text/plain">Classification ok for : measurementFrameSet</message>
                </check>
                <check>
                    <inspection creation="2023-07-14T23:04:45.983Z" duration="18" execution="2023-07-14T23:04:46.015Z" id="orbitReferenceCategory" item="S2A_OPER_MSI_L1C_TL_S2RP_20230714T113326_A022494_T51SXB_N05.00" itemURL="/DATA_OUT/S2A_OPER_MSI_L0__DS_EPAE_20191013T035908_S20191013T022634_N02.08/S2PDGS-TC-IPF-V2-ORCH-N-016_MPC_SCENARIO/TaskTable_20230714T113328/FORMAT_METADATA_TILE_L1C/output/PDI_DS_TILE_LIST/S2A_OPER_MSI_L1C_TL_S2RP_20230714T113326_A022494_T51SXB_N05.00/" name="Checks if Orbit Reference Category is correctly defined. " priority="5" processingStatus="done" status="PASSED"/>
                    <message contentType="text/plain">Category ok for : measurementOrbitReference</message>
                </check>
                <check>
                    <inspection creation="2023-07-14T23:04:46.094Z" duration="16" execution="2023-07-14T23:04:46.122Z" id="orbitReferenceClassification" item="S2A_OPER_MSI_L1C_TL_S2RP_20230714T113326_A022494_T51SXB_N05.00" itemURL="/DATA_OUT/S2A_OPER_MSI_L0__DS_EPAE_20191013T035908_S20191013T022634_N02.08/S2PDGS-TC-IPF-V2-ORCH-N-016_MPC_SCENARIO/TaskTable_20230714T113328/FORMAT_METADATA_TILE_L1C/output/PDI_DS_TILE_LIST/S2A_OPER_MSI_L1C_TL_S2RP_20230714T113326_A022494_T51SXB_N05.00/" name="Checks if Orbit Reference Classification is correctly defined. " priority="5" processingStatus="done" status="PASSED"/>
                    <message contentType="text/plain">Classification ok for : measurementOrbitReference</message>
                </check>
                <check>
                    <inspection creation="2023-07-14T23:04:46.144Z" duration="5" execution="2023-07-14T23:04:46.187Z" id="platformCategory" item="S2A_OPER_MSI_L1C_TL_S2RP_20230714T113326_A022494_T51SXB_N05.00" itemURL="/DATA_OUT/S2A_OPER_MSI_L0__DS_EPAE_20191013T035908_S20191013T022634_N02.08/S2PDGS-TC-IPF-V2-ORCH-N-016_MPC_SCENARIO/TaskTable_20230714T113328/FORMAT_METADATA_TILE_L1C/output/PDI_DS_TILE_LIST/S2A_OPER_MSI_L1C_TL_S2RP_20230714T113326_A022494_T51SXB_N05.00/" name="Checks if Platform Category is correctly defined. " priority="5" processingStatus="done" status="PASSED"/>
                    <message contentType="text/plain">Platform Category is Ok.</message>
                </check>
                <check>
                    <inspection creation="2023-07-14T23:04:46.198Z" duration="16" execution="2023-07-14T23:04:46.216Z" id="gridReferenceClassification" item="S2A_OPER_MSI_L1C_TL_S2RP_20230714T113326_A022494_T51SXB_N05.00" itemURL="/DATA_OUT/S2A_OPER_MSI_L0__DS_EPAE_20191013T035908_S20191013T022634_N02.08/S2PDGS-TC-IPF-V2-ORCH-N-016_MPC_SCENARIO/TaskTable_20230714T113328/FORMAT_METADATA_TILE_L1C/output/PDI_DS_TILE_LIST/S2A_OPER_MSI_L1C_TL_S2RP_20230714T113326_A022494_T51SXB_N05.00/" name="Checks if Grid Reference Classification is correctly defined. " priority="5" processingStatus="done" status="PASSED"/>
                    <message contentType="text/plain">No Index classification in product.</message>
                </check>
                <check>
                    <inspection creation="2023-07-14T23:04:46.236Z" duration="15" execution="2023-07-14T23:04:46.251Z" id="gridReferenceCategory" item="S2A_OPER_MSI_L1C_TL_S2RP_20230714T113326_A022494_T51SXB_N05.00" itemURL="/DATA_OUT/S2A_OPER_MSI_L0__DS_EPAE_20191013T035908_S20191013T022634_N02.08/S2PDGS-TC-IPF-V2-ORCH-N-016_MPC_SCENARIO/TaskTable_20230714T113328/FORMAT_METADATA_TILE_L1C/output/PDI_DS_TILE_LIST/S2A_OPER_MSI_L1C_TL_S2RP_20230714T113326_A022494_T51SXB_N05.00/" name="Checks if Grid Reference Category is correctly defined. " priority="5" processingStatus="done" status="PASSED"/>
                    <message contentType="text/plain">No Index classification in product.</message>
                </check>
                <check>
                    <inspection creation="2023-07-14T23:04:46.271Z" duration="13" execution="2023-07-14T23:04:46.284Z" id="schemaCategory" item="S2A_OPER_MSI_L1C_TL_S2RP_20230714T113326_A022494_T51SXB_N05.00" itemURL="/DATA_OUT/S2A_OPER_MSI_L0__DS_EPAE_20191013T035908_S20191013T022634_N02.08/S2PDGS-TC-IPF-V2-ORCH-N-016_MPC_SCENARIO/TaskTable_20230714T113328/FORMAT_METADATA_TILE_L1C/output/PDI_DS_TILE_LIST/S2A_OPER_MSI_L1C_TL_S2RP_20230714T113326_A022494_T51SXB_N05.00/" name="Checks if Schema Category is correctly defined. " priority="5" processingStatus="done" status="PASSED"/>
                    <message contentType="text/plain">Category ok for : S2_Level-1C_Tile_Schema, Inventory_Metadata_Schema, OLQC_Report_Schema</message>
                </check>
                <check>
                    <inspection creation="2023-07-14T23:04:46.301Z" duration="11" execution="2023-07-14T23:04:46.311Z" id="qualityInformationCategory" item="S2A_OPER_MSI_L1C_TL_S2RP_20230714T113326_A022494_T51SXB_N05.00" itemURL="/DATA_OUT/S2A_OPER_MSI_L0__DS_EPAE_20191013T035908_S20191013T022634_N02.08/S2PDGS-TC-IPF-V2-ORCH-N-016_MPC_SCENARIO/TaskTable_20230714T113328/FORMAT_METADATA_TILE_L1C/output/PDI_DS_TILE_LIST/S2A_OPER_MSI_L1C_TL_S2RP_20230714T113326_A022494_T51SXB_N05.00/" name="Checks if Quality Information Category is correctly defined. " priority="5" processingStatus="done" status="PASSED"/>
                    <message contentType="text/plain">No Index classification in product.</message>
                </check>
                <check>
                    <inspection creation="2023-07-14T23:04:46.327Z" duration="4" execution="2023-07-14T23:04:46.336Z" id="processingCategory" item="S2A_OPER_MSI_L1C_TL_S2RP_20230714T113326_A022494_T51SXB_N05.00" itemURL="/DATA_OUT/S2A_OPER_MSI_L0__DS_EPAE_20191013T035908_S20191013T022634_N02.08/S2PDGS-TC-IPF-V2-ORCH-N-016_MPC_SCENARIO/TaskTable_20230714T113328/FORMAT_METADATA_TILE_L1C/output/PDI_DS_TILE_LIST/S2A_OPER_MSI_L1C_TL_S2RP_20230714T113326_A022494_T51SXB_N05.00/" name="Checks if Processing Category is correctly defined. " priority="5" processingStatus="done" status="PASSED"/>
                    <message contentType="text/plain">Processing Category is Ok.</message>
                </check>
                <check>
                    <inspection creation="2023-07-14T23:04:46.345Z" duration="4" execution="2023-07-14T23:04:46.354Z" id="acquisitionPeriodCategory" item="S2A_OPER_MSI_L1C_TL_S2RP_20230714T113326_A022494_T51SXB_N05.00" itemURL="/DATA_OUT/S2A_OPER_MSI_L0__DS_EPAE_20191013T035908_S20191013T022634_N02.08/S2PDGS-TC-IPF-V2-ORCH-N-016_MPC_SCENARIO/TaskTable_20230714T113328/FORMAT_METADATA_TILE_L1C/output/PDI_DS_TILE_LIST/S2A_OPER_MSI_L1C_TL_S2RP_20230714T113326_A022494_T51SXB_N05.00/" name="Checks if Acquisition Period Category is correctly defined. " priority="5" processingStatus="done" status="PASSED"/>
                    <message contentType="text/plain">Acquisition Period Category is Ok.</message>
                </check>
                <check>
                    <inspection creation="2023-07-14T23:04:46.362Z" duration="405" execution="2023-07-14T23:04:46.403Z" id="idReferences" item="S2A_OPER_MSI_L1C_TL_S2RP_20230714T113326_A022494_T51SXB_N05.00" itemURL="/DATA_OUT/S2A_OPER_MSI_L0__DS_EPAE_20191013T035908_S20191013T022634_N02.08/S2PDGS-TC-IPF-V2-ORCH-N-016_MPC_SCENARIO/TaskTable_20230714T113328/FORMAT_METADATA_TILE_L1C/output/PDI_DS_TILE_LIST/S2A_OPER_MSI_L1C_TL_S2RP_20230714T113326_A022494_T51SXB_N05.00/" name="Checks if all the Id References defined in the product are valid. " priority="5" processingStatus="done" status="PASSED"/>
                    <message contentType="text/plain">All the Id References defined in the product are valid.</message>
                </check>
                <check>
                    <inspection creation="2023-07-14T23:04:46.812Z" duration="18" execution="2023-07-14T23:04:46.821Z" id="extraData" item="S2A_OPER_MSI_L1C_TL_S2RP_20230714T113326_A022494_T51SXB_N05.00" itemURL="/DATA_OUT/S2A_OPER_MSI_L0__DS_EPAE_20191013T035908_S20191013T022634_N02.08/S2PDGS-TC-IPF-V2-ORCH-N-016_MPC_SCENARIO/TaskTable_20230714T113328/FORMAT_METADATA_TILE_L1C/output/PDI_DS_TILE_LIST/S2A_OPER_MSI_L1C_TL_S2RP_20230714T113326_A022494_T51SXB_N05.00/" name="Checks if Extra Files are present in product directory. " priority="5" processingStatus="done" status="PASSED"/>
                    <message contentType="text/plain">No Extra Files found in product directory.</message>
                </check>
                <check>
                    <inspection creation="2023-07-14T23:04:46.842Z" duration="3" execution="2023-07-14T23:04:46.849Z" id="checkSafeManifest" item="S2A_OPER_MSI_L1C_TL_S2RP_20230714T113326_A022494_T51SXB_N05.00" itemURL="/DATA_OUT/S2A_OPER_MSI_L0__DS_EPAE_20191013T035908_S20191013T022634_N02.08/S2PDGS-TC-IPF-V2-ORCH-N-016_MPC_SCENARIO/TaskTable_20230714T113328/FORMAT_METADATA_TILE_L1C/output/PDI_DS_TILE_LIST/S2A_OPER_MSI_L1C_TL_S2RP_20230714T113326_A022494_T51SXB_N05.00/" name="Safe Manifest check. " priority="5" processingStatus="done" status="PASSED"/>
                    <message contentType="text/plain">Safe manifest present.</message>
                </check>
                <check>
                    <inspection creation="2023-07-14T23:04:46.856Z" duration="57" execution="2023-07-14T23:04:46.870Z" id="hrefExist" item="S2A_OPER_MSI_L1C_TL_S2RP_20230714T113326_A022494_T51SXB_N05.00" itemURL="/DATA_OUT/S2A_OPER_MSI_L0__DS_EPAE_20191013T035908_S20191013T022634_N02.08/S2PDGS-TC-IPF-V2-ORCH-N-016_MPC_SCENARIO/TaskTable_20230714T113328/FORMAT_METADATA_TILE_L1C/output/PDI_DS_TILE_LIST/S2A_OPER_MSI_L1C_TL_S2RP_20230714T113326_A022494_T51SXB_N05.00/" name="Checks if all external references are present in the product directory. " priority="5" processingStatus="done" status="PASSED"/>
                    <message contentType="text/plain">All external references are present in the product directory.</message>
                </check>
                <check>
                    <inspection creation="2023-07-14T23:04:46.932Z" duration="3" execution="2023-07-14T23:04:46.940Z" id="platformClassification" item="S2A_OPER_MSI_L1C_TL_S2RP_20230714T113326_A022494_T51SXB_N05.00" itemURL="/DATA_OUT/S2A_OPER_MSI_L0__DS_EPAE_20191013T035908_S20191013T022634_N02.08/S2PDGS-TC-IPF-V2-ORCH-N-016_MPC_SCENARIO/TaskTable_20230714T113328/FORMAT_METADATA_TILE_L1C/output/PDI_DS_TILE_LIST/S2A_OPER_MSI_L1C_TL_S2RP_20230714T113326_A022494_T51SXB_N05.00/" name="Checks if Platform Classification is correctly defined. " priority="5" processingStatus="done" status="PASSED"/>
                    <message contentType="text/plain">Platform Classification is Ok.</message>
                </check>
                <check>
                    <inspection creation="2023-07-14T23:04:46.947Z" duration="12" execution="2023-07-14T23:04:46.958Z" id="annotationCategory" item="S2A_OPER_MSI_L1C_TL_S2RP_20230714T113326_A022494_T51SXB_N05.00" itemURL="/DATA_OUT/S2A_OPER_MSI_L0__DS_EPAE_20191013T035908_S20191013T022634_N02.08/S2PDGS-TC-IPF-V2-ORCH-N-016_MPC_SCENARIO/TaskTable_20230714T113328/FORMAT_METADATA_TILE_L1C/output/PDI_DS_TILE_LIST/S2A_OPER_MSI_L1C_TL_S2RP_20230714T113326_A022494_T51SXB_N05.00/" name="Checks if Annotation Category is correctly defined. " priority="5" processingStatus="done" status="PASSED"/>
                    <message contentType="text/plain">No Index classification in product.</message>
                </check>
                <check>
                    <inspection creation="2023-07-14T23:04:46.974Z" duration="4" execution="2023-07-14T23:04:46.981Z" id="acquisitionPeriodExists" item="S2A_OPER_MSI_L1C_TL_S2RP_20230714T113326_A022494_T51SXB_N05.00" itemURL="/DATA_OUT/S2A_OPER_MSI_L0__DS_EPAE_20191013T035908_S20191013T022634_N02.08/S2PDGS-TC-IPF-V2-ORCH-N-016_MPC_SCENARIO/TaskTable_20230714T113328/FORMAT_METADATA_TILE_L1C/output/PDI_DS_TILE_LIST/S2A_OPER_MSI_L1C_TL_S2RP_20230714T113326_A022494_T51SXB_N05.00/" name="Checks if Acquisition Period is present. " priority="5" processingStatus="done" status="PASSED"/>
                    <message contentType="text/plain">Acquisition Period exists.</message>
                </check>
                <check>
                    <inspection creation="2023-07-14T23:04:46.989Z" duration="3" execution="2023-07-14T23:04:46.996Z" id="processingClassification" item="S2A_OPER_MSI_L1C_TL_S2RP_20230714T113326_A022494_T51SXB_N05.00" itemURL="/DATA_OUT/S2A_OPER_MSI_L0__DS_EPAE_20191013T035908_S20191013T022634_N02.08/S2PDGS-TC-IPF-V2-ORCH-N-016_MPC_SCENARIO/TaskTable_20230714T113328/FORMAT_METADATA_TILE_L1C/output/PDI_DS_TILE_LIST/S2A_OPER_MSI_L1C_TL_S2RP_20230714T113326_A022494_T51SXB_N05.00/" name="Checks if Processing Classification is correctly defined. " priority="5" processingStatus="done" status="PASSED"/>
                    <message contentType="text/plain">Processing Classification is Ok.</message>
                </check>
                <check>
                    <inspection creation="2023-07-14T23:04:47.005Z" duration="5" execution="2023-07-14T23:04:47.022Z" id="checkL1CMasks" item="S2A_OPER_MSI_L1C_TL_S2RP_20230714T113326_A022494_T51SXB_N05.00" itemURL="/DATA_OUT/S2A_OPER_MSI_L0__DS_EPAE_20191013T035908_S20191013T022634_N02.08/S2PDGS-TC-IPF-V2-ORCH-N-016_MPC_SCENARIO/TaskTable_20230714T113328/FORMAT_METADATA_TILE_L1C/output/PDI_DS_TILE_LIST/S2A_OPER_MSI_L1C_TL_S2RP_20230714T113326_A022494_T51SXB_N05.00/" name="Masks availability check. " priority="5" processingStatus="done" status="PASSED"/>
                    <message contentType="text/plain">All elements in QI_DATA are present.</message>
                </check>
                <check>
                    <inspection creation="2023-07-14T23:05:32.881Z" duration="0" execution="2023-07-14T23:05:32.888Z" id="Aux_Cams" item="S2A_OPER_MSI_L1C_TL_S2RP_20230714T113326_A022494_T51SXB_N05.00" itemURL="/DATA_OUT/S2A_OPER_MSI_L0__DS_EPAE_20191013T035908_S20191013T022634_N02.08/S2PDGS-TC-IPF-V2-ORCH-N-016_MPC_SCENARIO/TaskTable_20230714T113328/FORMAT_METADATA_TILE_L1C/output/PDI_DS_TILE_LIST/S2A_OPER_MSI_L1C_TL_S2RP_20230714T113326_A022494_T51SXB_N05.00/" name="AUX_CAMS data conformity and completeness check  " priority="5" processingStatus="done" status="PASSED"/>
                    <message contentType="text/plain">AUX_CAMS file is present.</message>
                </check>
                <check>
                    <inspection creation="2023-07-14T23:05:32.892Z" duration="0" execution="2023-07-14T23:05:32.899Z" id="Ecmwf" item="S2A_OPER_MSI_L1C_TL_S2RP_20230714T113326_A022494_T51SXB_N05.00" itemURL="/DATA_OUT/S2A_OPER_MSI_L0__DS_EPAE_20191013T035908_S20191013T022634_N02.08/S2PDGS-TC-IPF-V2-ORCH-N-016_MPC_SCENARIO/TaskTable_20230714T113328/FORMAT_METADATA_TILE_L1C/output/PDI_DS_TILE_LIST/S2A_OPER_MSI_L1C_TL_S2RP_20230714T113326_A022494_T51SXB_N05.00/" name="ECMWF data conformity and completeness check  " priority="5" processingStatus="done" status="PASSED"/>
                    <message contentType="text/plain">ECMWF file is present.</message>
                </check>
                <check>
                    <inspection creation="2023-07-14T23:05:32.903Z" duration="1" execution="2023-07-14T23:05:32.910Z" id="PVI_and_TCI" item="S2A_OPER_MSI_L1C_TL_S2RP_20230714T113326_A022494_T51SXB_N05.00" itemURL="/DATA_OUT/S2A_OPER_MSI_L0__DS_EPAE_20191013T035908_S20191013T022634_N02.08/S2PDGS-TC-IPF-V2-ORCH-N-016_MPC_SCENARIO/TaskTable_20230714T113328/FORMAT_METADATA_TILE_L1C/output/PDI_DS_TILE_LIST/S2A_OPER_MSI_L1C_TL_S2RP_20230714T113326_A022494_T51SXB_N05.00/" name="Check of consistency of PVI  " priority="5" processingStatus="done" status="PASSED"/>
                    <message contentType="text/plain">PVI file is consistent.</message>
                </check>
            </checkList>
        </report>
    </Data_Block>
</Earth_Explorer_File>
