<?xml version="1.0" encoding="UTF-8"?><Earth_Explorer_File xmlns="http://gs2.esa.int/DATA_STRUCTURE/olqcReport">
    <Earth_Explorer_Header>
        <Fixed_Header>
            <File_Name>GRANULE/L1C_T51SXB_A022494_20191013T022634/QI_DATA/GENERAL_QUALITY.xml</File_Name>
            <File_Description>Report produced by OLQC-SC</File_Description>
            <Notes/>
            <Mission>S2A</Mission>
            <File_Class>OPER</File_Class>
            <File_Type>REP_OLQCPA</File_Type>
            <Validity_Period>
                <Validity_Start>UTC=2015-06-22T00:00:00</Validity_Start>
                <Validity_Stop>UTC=2100-01-01T00:00:00</Validity_Stop>
            </Validity_Period>
            <File_Version>2</File_Version>
            <Source>
                <System>OLQC-SC</System>
                <Creator>OLQC-SC</Creator>
                <Creator_Version>06.01.00</Creator_Version>
                <Creation_Date>UTC=2023-07-14T23:04:44</Creation_Date>
            </Source>
        </Fixed_Header>
    </Earth_Explorer_Header>
    <Data_Block type="xml">
        <report date="2023-07-14T23:04:44.354Z" gippVersion="1.0" globalStatus="PASSED">
            <checkList>
                <parentID>S2A_OPER_GIP_OLQCPA_MPC__20220715T000042_V20150622T000000</parentID>
                <name>GENERAL_QUALITY</name>
                <version>1.0</version>
                <item class="http://www.esa.int/s2#pdi_level_1c_tile_container" className="PDI Level 1C Tile Folder" name="S2A_OPER_MSI_L1C_TL_S2RP_20230714T113326_A022494_T51SXB_N05.00" url="/DATA_OUT/S2A_OPER_MSI_L0__DS_EPAE_20191013T035908_S20191013T022634_N02.08/S2PDGS-TC-IPF-V2-ORCH-N-016_MPC_SCENARIO/TaskTable_20230714T113328/FORMAT_METADATA_TILE_L1C/output/PDI_DS_TILE_LIST/S2A_OPER_MSI_L1C_TL_S2RP_20230714T113326_A022494_T51SXB_N05.00/"/>
                <check>
                    <inspection creation="2023-07-14T23:04:43.678Z" duration="634" execution="2023-07-14T23:04:43.690Z" id="checkMetadata" item="S2A_OPER_MSI_L1C_TL_S2RP_20230714T113326_A022494_T51SXB_N05.00" itemURL="/DATA_OUT/S2A_OPER_MSI_L0__DS_EPAE_20191013T035908_S20191013T022634_N02.08/S2PDGS-TC-IPF-V2-ORCH-N-016_MPC_SCENARIO/TaskTable_20230714T113328/FORMAT_METADATA_TILE_L1C/output/PDI_DS_TILE_LIST/S2A_OPER_MSI_L1C_TL_S2RP_20230714T113326_A022494_T51SXB_N05.00/" name="Metadata file check. " priority="5" processingStatus="done" status="PASSED"/>
                    <message contentType="text/plain">Metadata file is present.</message>
                </check>
                <check>
                    <inspection creation="2023-07-14T23:04:44.642Z" duration="599" execution="2023-07-14T23:04:44.664Z" id="Solar_Angle_Zenith" item="S2A_OPER_MTD_L1C_TL_S2RP_20230714T113326_A022494_T51SXB.xml" itemURL="/DATA_OUT/S2A_OPER_MSI_L0__DS_EPAE_20191013T035908_S20191013T022634_N02.08/S2PDGS-TC-IPF-V2-ORCH-N-016_MPC_SCENARIO/TaskTable_20230714T113328/FORMAT_METADATA_TILE_L1C/output/PDI_DS_TILE_LIST/S2A_OPER_MSI_L1C_TL_S2RP_20230714T113326_A022494_T51SXB_N05.00/S2A_OPER_MTD_L1C_TL_S2RP_20230714T113326_A022494_T51SXB.xml" name="Check the zenith solar angle. " priority="5" processingStatus="done" status="PASSED"/>
                    <message contentType="text/plain">Zenith solar angle (46.5534282118539) is within the threshold limit (82.0) </message>
                    <extraValues>
                        <value name="EXPECTED">82.0</value>
                        <value name="SOLAR_ZENITH_ANGLE">46.5534282118539</value>
                    </extraValues>
                </check>
                <check>
                    <inspection creation="2023-07-14T23:04:47.031Z" duration="45838" execution="2023-07-14T23:04:47.038Z" id="Data_Loss" item="S2A_OPER_MSI_L1C_TL_S2RP_20230714T113326_A022494_T51SXB_N05.00" itemURL="/DATA_OUT/S2A_OPER_MSI_L0__DS_EPAE_20191013T035908_S20191013T022634_N02.08/S2PDGS-TC-IPF-V2-ORCH-N-016_MPC_SCENARIO/TaskTable_20230714T113328/FORMAT_METADATA_TILE_L1C/output/PDI_DS_TILE_LIST/S2A_OPER_MSI_L1C_TL_S2RP_20230714T113326_A022494_T51SXB_N05.00/" name="Check TECQUA for data loss " priority="5" processingStatus="done" status="PASSED"/>
                    <message contentType="text/plain">No data loss in this tile.</message>
                </check>
            </checkList>
        </report>
    </Data_Block>
</Earth_Explorer_File>
