<?xml version="1.0" encoding="UTF-8"?><Earth_Explorer_File xmlns="http://gs2.esa.int/DATA_STRUCTURE/olqcReport">
    <Earth_Explorer_Header>
        <Fixed_Header>
            <File_Name>GRANULE/L1C_T51SXB_A022208_20190923T022550/QI_DATA/FORMAT_CORRECTNESS.xml</File_Name>
            <File_Description>Report produced by OLQC-SC</File_Description>
            <Notes/>
            <Mission>S2A</Mission>
            <File_Class>OPER</File_Class>
            <File_Type>REP_OLQCPA</File_Type>
            <Validity_Period>
                <Validity_Start>UTC=2015-06-22T00:00:00</Validity_Start>
                <Validity_Stop>UTC=2100-01-01T00:00:00</Validity_Stop>
            </Validity_Period>
            <File_Version>2</File_Version>
            <Source>
                <System>OLQC-SC</System>
                <Creator>OLQC-SC</Creator>
                <Creator_Version>06.01.00</Creator_Version>
                <Creation_Date>UTC=2023-06-30T13:51:24</Creation_Date>
            </Source>
        </Fixed_Header>
    </Earth_Explorer_Header>
    <Data_Block type="xml">
        <report date="2023-06-30T13:51:24.964Z" gippVersion="1.0" globalStatus="PASSED">
            <checkList>
                <parentID>S2A_OPER_GIP_OLQCPA_MPC__20220715T000042_V20150622T000000</parentID>
                <name>FORMAT_CORRECTNESS</name>
                <version>1.0</version>
                <item class="http://www.esa.int/s2#pdi_level_1c_tile_container" className="PDI Level 1C Tile Folder" name="S2A_OPER_MSI_L1C_TL_S2RP_20230629T065441_A022208_T51SXB_N05.00" url="/DATA_OUT/S2A_OPER_MSI_L0__DS_EPAE_20190923T035508_S20190923T022550_N02.08/S2PDGS-TC-IPF-V2-ORCH-N-016_MPC_SCENARIO/TaskTable_20230629T065443/FORMAT_METADATA_TILE_L1C/output/PDI_DS_TILE_LIST/S2A_OPER_MSI_L1C_TL_S2RP_20230629T065441_A022208_T51SXB_N05.00/"/>
                <check>
                    <inspection creation="2023-06-30T13:51:24.743Z" duration="84" execution="2023-06-30T13:51:24.867Z" id="orbitReferenceCategory" item="S2A_OPER_MSI_L1C_TL_S2RP_20230629T065441_A022208_T51SXB_N05.00" itemURL="/DATA_OUT/S2A_OPER_MSI_L0__DS_EPAE_20190923T035508_S20190923T022550_N02.08/S2PDGS-TC-IPF-V2-ORCH-N-016_MPC_SCENARIO/TaskTable_20230629T065443/FORMAT_METADATA_TILE_L1C/output/PDI_DS_TILE_LIST/S2A_OPER_MSI_L1C_TL_S2RP_20230629T065441_A022208_T51SXB_N05.00/" name="Checks if Orbit Reference Category is correctly defined. " priority="5" processingStatus="done" status="PASSED"/>
                    <message contentType="text/plain">Category ok for : measurementOrbitReference</message>
                </check>
                <check>
                    <inspection creation="2023-06-30T13:51:24.967Z" duration="12" execution="2023-06-30T13:51:24.983Z" id="acquisitionPeriodCategory" item="S2A_OPER_MSI_L1C_TL_S2RP_20230629T065441_A022208_T51SXB_N05.00" itemURL="/DATA_OUT/S2A_OPER_MSI_L0__DS_EPAE_20190923T035508_S20190923T022550_N02.08/S2PDGS-TC-IPF-V2-ORCH-N-016_MPC_SCENARIO/TaskTable_20230629T065443/FORMAT_METADATA_TILE_L1C/output/PDI_DS_TILE_LIST/S2A_OPER_MSI_L1C_TL_S2RP_20230629T065441_A022208_T51SXB_N05.00/" name="Checks if Acquisition Period Category is correctly defined. " priority="5" processingStatus="done" status="PASSED"/>
                    <message contentType="text/plain">Acquisition Period Category is Ok.</message>
                </check>
                <check>
                    <inspection creation="2023-06-30T13:51:25.001Z" duration="43" execution="2023-06-30T13:51:25.023Z" id="schemaClassification" item="S2A_OPER_MSI_L1C_TL_S2RP_20230629T065441_A022208_T51SXB_N05.00" itemURL="/DATA_OUT/S2A_OPER_MSI_L0__DS_EPAE_20190923T035508_S20190923T022550_N02.08/S2PDGS-TC-IPF-V2-ORCH-N-016_MPC_SCENARIO/TaskTable_20230629T065443/FORMAT_METADATA_TILE_L1C/output/PDI_DS_TILE_LIST/S2A_OPER_MSI_L1C_TL_S2RP_20230629T065441_A022208_T51SXB_N05.00/" name="Checks if Schema Classification is correctly defined. " priority="5" processingStatus="done" status="PASSED"/>
                    <message contentType="text/plain">Classification ok for : S2_Level-1C_Tile_Schema, Inventory_Metadata_Schema, OLQC_Report_Schema</message>
                </check>
                <check>
                    <inspection creation="2023-06-30T13:51:25.074Z" duration="68" execution="2023-06-30T13:51:25.122Z" id="informationCategory" item="S2A_OPER_MSI_L1C_TL_S2RP_20230629T065441_A022208_T51SXB_N05.00" itemURL="/DATA_OUT/S2A_OPER_MSI_L0__DS_EPAE_20190923T035508_S20190923T022550_N02.08/S2PDGS-TC-IPF-V2-ORCH-N-016_MPC_SCENARIO/TaskTable_20230629T065443/FORMAT_METADATA_TILE_L1C/output/PDI_DS_TILE_LIST/S2A_OPER_MSI_L1C_TL_S2RP_20230629T065441_A022208_T51SXB_N05.00/" name="Checks if Information Category is correctly defined. " priority="5" processingStatus="done" status="PASSED"/>
                    <message contentType="text/plain">Category ok for : S2_Level-1C_Tile_Information</message>
                </check>
                <check>
                    <inspection creation="2023-06-30T13:51:25.197Z" duration="236" execution="2023-06-30T13:51:25.209Z" id="checkMetadata" item="S2A_OPER_MSI_L1C_TL_S2RP_20230629T065441_A022208_T51SXB_N05.00" itemURL="/DATA_OUT/S2A_OPER_MSI_L0__DS_EPAE_20190923T035508_S20190923T022550_N02.08/S2PDGS-TC-IPF-V2-ORCH-N-016_MPC_SCENARIO/TaskTable_20230629T065443/FORMAT_METADATA_TILE_L1C/output/PDI_DS_TILE_LIST/S2A_OPER_MSI_L1C_TL_S2RP_20230629T065441_A022208_T51SXB_N05.00/" name="Metadata file check. " priority="5" processingStatus="done" status="PASSED"/>
                    <message contentType="text/plain">Metadata file is present.</message>
                </check>
                <check>
                    <inspection creation="2023-06-30T13:51:25.495Z" duration="8" execution="2023-06-30T13:51:25.518Z" id="platformClassification" item="S2A_OPER_MSI_L1C_TL_S2RP_20230629T065441_A022208_T51SXB_N05.00" itemURL="/DATA_OUT/S2A_OPER_MSI_L0__DS_EPAE_20190923T035508_S20190923T022550_N02.08/S2PDGS-TC-IPF-V2-ORCH-N-016_MPC_SCENARIO/TaskTable_20230629T065443/FORMAT_METADATA_TILE_L1C/output/PDI_DS_TILE_LIST/S2A_OPER_MSI_L1C_TL_S2RP_20230629T065441_A022208_T51SXB_N05.00/" name="Checks if Platform Classification is correctly defined. " priority="5" processingStatus="done" status="PASSED"/>
                    <message contentType="text/plain">Platform Classification is Ok.</message>
                </check>
                <check>
                    <inspection creation="2023-06-30T13:51:25.574Z" duration="6" execution="2023-06-30T13:51:25.608Z" id="processingClassification" item="S2A_OPER_MSI_L1C_TL_S2RP_20230629T065441_A022208_T51SXB_N05.00" itemURL="/DATA_OUT/S2A_OPER_MSI_L0__DS_EPAE_20190923T035508_S20190923T022550_N02.08/S2PDGS-TC-IPF-V2-ORCH-N-016_MPC_SCENARIO/TaskTable_20230629T065443/FORMAT_METADATA_TILE_L1C/output/PDI_DS_TILE_LIST/S2A_OPER_MSI_L1C_TL_S2RP_20230629T065441_A022208_T51SXB_N05.00/" name="Checks if Processing Classification is correctly defined. " priority="5" processingStatus="done" status="PASSED"/>
                    <message contentType="text/plain">Processing Classification is Ok.</message>
                </check>
                <check>
                    <inspection creation="2023-06-30T13:51:25.715Z" duration="47" execution="2023-06-30T13:51:25.917Z" id="Tile_Position_Size" item="S2A_OPER_MTD_L1C_TL_S2RP_20230629T065441_A022208_T51SXB.xml" itemURL="/DATA_OUT/S2A_OPER_MSI_L0__DS_EPAE_20190923T035508_S20190923T022550_N02.08/S2PDGS-TC-IPF-V2-ORCH-N-016_MPC_SCENARIO/TaskTable_20230629T065443/FORMAT_METADATA_TILE_L1C/output/PDI_DS_TILE_LIST/S2A_OPER_MSI_L1C_TL_S2RP_20230629T065441_A022208_T51SXB_N05.00/S2A_OPER_MTD_L1C_TL_S2RP_20230629T065441_A022208_T51SXB.xml" name="Check of consistency of Tile Position by Size. " priority="5" processingStatus="done" status="PASSED"/>
                    <message contentType="text/plain">Tile image size is between [90000.0,110000.0].</message>
                </check>
                <check>
                    <inspection creation="2023-06-30T13:51:25.971Z" duration="45" execution="2023-06-30T13:51:26.018Z" id="Tile_Position_Geoposition" item="S2A_OPER_MTD_L1C_TL_S2RP_20230629T065441_A022208_T51SXB.xml" itemURL="/DATA_OUT/S2A_OPER_MSI_L0__DS_EPAE_20190923T035508_S20190923T022550_N02.08/S2PDGS-TC-IPF-V2-ORCH-N-016_MPC_SCENARIO/TaskTable_20230629T065443/FORMAT_METADATA_TILE_L1C/output/PDI_DS_TILE_LIST/S2A_OPER_MSI_L1C_TL_S2RP_20230629T065441_A022208_T51SXB_N05.00/S2A_OPER_MTD_L1C_TL_S2RP_20230629T065441_A022208_T51SXB.xml" name="Check of consistency of Tile Position by Geoposition. " priority="5" processingStatus="done" status="PASSED"/>
                    <message contentType="text/plain">Tile geoposition is valid.</message>
                    <extraValues>
                        <value name="ULX(10)">600000</value>
                        <value name="ULY(10)">4200000</value>
                        <value name="XDIM(10)">10</value>
                        <value name="YDIM(10)">-10</value>
                        <value name="ULX(20)">600000</value>
                        <value name="ULY(20)">4200000</value>
                        <value name="XDIM(20)">20</value>
                        <value name="YDIM(20)">-20</value>
                        <value name="ULX(60)">600000</value>
                        <value name="ULY(60)">4200000</value>
                        <value name="XDIM(60)">60</value>
                        <value name="YDIM(60)">-60</value>
                    </extraValues>
                </check>
                <check>
                    <inspection creation="2023-06-30T13:51:29.103Z" duration="834" execution="2023-06-30T13:51:29.205Z" id="idReferences" item="S2A_OPER_MSI_L1C_TL_S2RP_20230629T065441_A022208_T51SXB_N05.00" itemURL="/DATA_OUT/S2A_OPER_MSI_L0__DS_EPAE_20190923T035508_S20190923T022550_N02.08/S2PDGS-TC-IPF-V2-ORCH-N-016_MPC_SCENARIO/TaskTable_20230629T065443/FORMAT_METADATA_TILE_L1C/output/PDI_DS_TILE_LIST/S2A_OPER_MSI_L1C_TL_S2RP_20230629T065441_A022208_T51SXB_N05.00/" name="Checks if all the Id References defined in the product are valid. " priority="5" processingStatus="done" status="PASSED"/>
                    <message contentType="text/plain">All the Id References defined in the product are valid.</message>
                </check>
                <check>
                    <inspection creation="2023-06-30T13:51:30.043Z" duration="31" execution="2023-06-30T13:51:30.061Z" id="gridReferenceClassification" item="S2A_OPER_MSI_L1C_TL_S2RP_20230629T065441_A022208_T51SXB_N05.00" itemURL="/DATA_OUT/S2A_OPER_MSI_L0__DS_EPAE_20190923T035508_S20190923T022550_N02.08/S2PDGS-TC-IPF-V2-ORCH-N-016_MPC_SCENARIO/TaskTable_20230629T065443/FORMAT_METADATA_TILE_L1C/output/PDI_DS_TILE_LIST/S2A_OPER_MSI_L1C_TL_S2RP_20230629T065441_A022208_T51SXB_N05.00/" name="Checks if Grid Reference Classification is correctly defined. " priority="5" processingStatus="done" status="PASSED"/>
                    <message contentType="text/plain">No Index classification in product.</message>
                </check>
                <check>
                    <inspection creation="2023-06-30T13:51:30.100Z" duration="27" execution="2023-06-30T13:51:30.153Z" id="annotationClassification" item="S2A_OPER_MSI_L1C_TL_S2RP_20230629T065441_A022208_T51SXB_N05.00" itemURL="/DATA_OUT/S2A_OPER_MSI_L0__DS_EPAE_20190923T035508_S20190923T022550_N02.08/S2PDGS-TC-IPF-V2-ORCH-N-016_MPC_SCENARIO/TaskTable_20230629T065443/FORMAT_METADATA_TILE_L1C/output/PDI_DS_TILE_LIST/S2A_OPER_MSI_L1C_TL_S2RP_20230629T065441_A022208_T51SXB_N05.00/" name="Checks if Annotation Classification is correctly defined. " priority="5" processingStatus="done" status="PASSED"/>
                    <message contentType="text/plain">No Index classification in product.</message>
                </check>
                <check>
                    <inspection creation="2023-06-30T13:51:30.184Z" duration="46" execution="2023-06-30T13:51:30.255Z" id="gridReferenceCategory" item="S2A_OPER_MSI_L1C_TL_S2RP_20230629T065441_A022208_T51SXB_N05.00" itemURL="/DATA_OUT/S2A_OPER_MSI_L0__DS_EPAE_20190923T035508_S20190923T022550_N02.08/S2PDGS-TC-IPF-V2-ORCH-N-016_MPC_SCENARIO/TaskTable_20230629T065443/FORMAT_METADATA_TILE_L1C/output/PDI_DS_TILE_LIST/S2A_OPER_MSI_L1C_TL_S2RP_20230629T065441_A022208_T51SXB_N05.00/" name="Checks if Grid Reference Category is correctly defined. " priority="5" processingStatus="done" status="PASSED"/>
                    <message contentType="text/plain">No Index classification in product.</message>
                </check>
                <check>
                    <inspection creation="2023-06-30T13:51:30.319Z" duration="18" execution="2023-06-30T13:51:30.335Z" id="orbitReferenceClassification" item="S2A_OPER_MSI_L1C_TL_S2RP_20230629T065441_A022208_T51SXB_N05.00" itemURL="/DATA_OUT/S2A_OPER_MSI_L0__DS_EPAE_20190923T035508_S20190923T022550_N02.08/S2PDGS-TC-IPF-V2-ORCH-N-016_MPC_SCENARIO/TaskTable_20230629T065443/FORMAT_METADATA_TILE_L1C/output/PDI_DS_TILE_LIST/S2A_OPER_MSI_L1C_TL_S2RP_20230629T065441_A022208_T51SXB_N05.00/" name="Checks if Orbit Reference Classification is correctly defined. " priority="5" processingStatus="done" status="PASSED"/>
                    <message contentType="text/plain">Classification ok for : measurementOrbitReference</message>
                </check>
                <check>
                    <inspection creation="2023-06-30T13:51:30.358Z" duration="13" execution="2023-06-30T13:51:30.372Z" id="qualityInformationCategory" item="S2A_OPER_MSI_L1C_TL_S2RP_20230629T065441_A022208_T51SXB_N05.00" itemURL="/DATA_OUT/S2A_OPER_MSI_L0__DS_EPAE_20190923T035508_S20190923T022550_N02.08/S2PDGS-TC-IPF-V2-ORCH-N-016_MPC_SCENARIO/TaskTable_20230629T065443/FORMAT_METADATA_TILE_L1C/output/PDI_DS_TILE_LIST/S2A_OPER_MSI_L1C_TL_S2RP_20230629T065441_A022208_T51SXB_N05.00/" name="Checks if Quality Information Category is correctly defined. " priority="5" processingStatus="done" status="PASSED"/>
                    <message contentType="text/plain">No Index classification in product.</message>
                </check>
                <check>
                    <inspection creation="2023-06-30T13:51:30.389Z" duration="3" execution="2023-06-30T13:51:30.398Z" id="checkSafeManifest" item="S2A_OPER_MSI_L1C_TL_S2RP_20230629T065441_A022208_T51SXB_N05.00" itemURL="/DATA_OUT/S2A_OPER_MSI_L0__DS_EPAE_20190923T035508_S20190923T022550_N02.08/S2PDGS-TC-IPF-V2-ORCH-N-016_MPC_SCENARIO/TaskTable_20230629T065443/FORMAT_METADATA_TILE_L1C/output/PDI_DS_TILE_LIST/S2A_OPER_MSI_L1C_TL_S2RP_20230629T065441_A022208_T51SXB_N05.00/" name="Safe Manifest check. " priority="5" processingStatus="done" status="PASSED"/>
                    <message contentType="text/plain">Safe manifest present.</message>
                </check>
                <check>
                    <inspection creation="2023-06-30T13:51:30.406Z" duration="13" execution="2023-06-30T13:51:30.420Z" id="indexClassification" item="S2A_OPER_MSI_L1C_TL_S2RP_20230629T065441_A022208_T51SXB_N05.00" itemURL="/DATA_OUT/S2A_OPER_MSI_L0__DS_EPAE_20190923T035508_S20190923T022550_N02.08/S2PDGS-TC-IPF-V2-ORCH-N-016_MPC_SCENARIO/TaskTable_20230629T065443/FORMAT_METADATA_TILE_L1C/output/PDI_DS_TILE_LIST/S2A_OPER_MSI_L1C_TL_S2RP_20230629T065441_A022208_T51SXB_N05.00/" name="Checks if Index Classification is correctly defined. " priority="5" processingStatus="done" status="PASSED"/>
                    <message contentType="text/plain">No Index classification in product.</message>
                </check>
                <check>
                    <inspection creation="2023-06-30T13:51:30.437Z" duration="13" execution="2023-06-30T13:51:30.450Z" id="annotationCategory" item="S2A_OPER_MSI_L1C_TL_S2RP_20230629T065441_A022208_T51SXB_N05.00" itemURL="/DATA_OUT/S2A_OPER_MSI_L0__DS_EPAE_20190923T035508_S20190923T022550_N02.08/S2PDGS-TC-IPF-V2-ORCH-N-016_MPC_SCENARIO/TaskTable_20230629T065443/FORMAT_METADATA_TILE_L1C/output/PDI_DS_TILE_LIST/S2A_OPER_MSI_L1C_TL_S2RP_20230629T065441_A022208_T51SXB_N05.00/" name="Checks if Annotation Category is correctly defined. " priority="5" processingStatus="done" status="PASSED"/>
                    <message contentType="text/plain">No Index classification in product.</message>
                </check>
                <check>
                    <inspection creation="2023-06-30T13:51:30.467Z" duration="4" execution="2023-06-30T13:51:30.478Z" id="platformCategory" item="S2A_OPER_MSI_L1C_TL_S2RP_20230629T065441_A022208_T51SXB_N05.00" itemURL="/DATA_OUT/S2A_OPER_MSI_L0__DS_EPAE_20190923T035508_S20190923T022550_N02.08/S2PDGS-TC-IPF-V2-ORCH-N-016_MPC_SCENARIO/TaskTable_20230629T065443/FORMAT_METADATA_TILE_L1C/output/PDI_DS_TILE_LIST/S2A_OPER_MSI_L1C_TL_S2RP_20230629T065441_A022208_T51SXB_N05.00/" name="Checks if Platform Category is correctly defined. " priority="5" processingStatus="done" status="PASSED"/>
                    <message contentType="text/plain">Platform Category is Ok.</message>
                </check>
                <check>
                    <inspection creation="2023-06-30T13:51:30.486Z" duration="14" execution="2023-06-30T13:51:30.501Z" id="informationClassification" item="S2A_OPER_MSI_L1C_TL_S2RP_20230629T065441_A022208_T51SXB_N05.00" itemURL="/DATA_OUT/S2A_OPER_MSI_L0__DS_EPAE_20190923T035508_S20190923T022550_N02.08/S2PDGS-TC-IPF-V2-ORCH-N-016_MPC_SCENARIO/TaskTable_20230629T065443/FORMAT_METADATA_TILE_L1C/output/PDI_DS_TILE_LIST/S2A_OPER_MSI_L1C_TL_S2RP_20230629T065441_A022208_T51SXB_N05.00/" name="Checks if Information Classification is correctly defined. " priority="5" processingStatus="done" status="PASSED"/>
                    <message contentType="text/plain">Classification ok for : S2_Level-1C_Tile_Information</message>
                </check>
                <check>
                    <inspection creation="2023-06-30T13:51:30.520Z" duration="83" execution="2023-06-30T13:51:30.543Z" id="hrefExist" item="S2A_OPER_MSI_L1C_TL_S2RP_20230629T065441_A022208_T51SXB_N05.00" itemURL="/DATA_OUT/S2A_OPER_MSI_L0__DS_EPAE_20190923T035508_S20190923T022550_N02.08/S2PDGS-TC-IPF-V2-ORCH-N-016_MPC_SCENARIO/TaskTable_20230629T065443/FORMAT_METADATA_TILE_L1C/output/PDI_DS_TILE_LIST/S2A_OPER_MSI_L1C_TL_S2RP_20230629T065441_A022208_T51SXB_N05.00/" name="Checks if all external references are present in the product directory. " priority="5" processingStatus="done" status="PASSED"/>
                    <message contentType="text/plain">All external references are present in the product directory.</message>
                </check>
                <check>
                    <inspection creation="2023-06-30T13:51:30.631Z" duration="44" execution="2023-06-30T13:51:30.642Z" id="extraData" item="S2A_OPER_MSI_L1C_TL_S2RP_20230629T065441_A022208_T51SXB_N05.00" itemURL="/DATA_OUT/S2A_OPER_MSI_L0__DS_EPAE_20190923T035508_S20190923T022550_N02.08/S2PDGS-TC-IPF-V2-ORCH-N-016_MPC_SCENARIO/TaskTable_20230629T065443/FORMAT_METADATA_TILE_L1C/output/PDI_DS_TILE_LIST/S2A_OPER_MSI_L1C_TL_S2RP_20230629T065441_A022208_T51SXB_N05.00/" name="Checks if Extra Files are present in product directory. " priority="5" processingStatus="done" status="PASSED"/>
                    <message contentType="text/plain">No Extra Files found in product directory.</message>
                </check>
                <check>
                    <inspection creation="2023-06-30T13:51:30.691Z" duration="26" execution="2023-06-30T13:51:30.717Z" id="qualityInformationClassification" item="S2A_OPER_MSI_L1C_TL_S2RP_20230629T065441_A022208_T51SXB_N05.00" itemURL="/DATA_OUT/S2A_OPER_MSI_L0__DS_EPAE_20190923T035508_S20190923T022550_N02.08/S2PDGS-TC-IPF-V2-ORCH-N-016_MPC_SCENARIO/TaskTable_20230629T065443/FORMAT_METADATA_TILE_L1C/output/PDI_DS_TILE_LIST/S2A_OPER_MSI_L1C_TL_S2RP_20230629T065441_A022208_T51SXB_N05.00/" name="Checks if Quality Information Classification is correctly defined. " priority="5" processingStatus="done" status="PASSED"/>
                    <message contentType="text/plain">No Index classification in product.</message>
                </check>
                <check>
                    <inspection creation="2023-06-30T13:51:30.747Z" duration="23" execution="2023-06-30T13:51:30.773Z" id="frameSetClassification" item="S2A_OPER_MSI_L1C_TL_S2RP_20230629T065441_A022208_T51SXB_N05.00" itemURL="/DATA_OUT/S2A_OPER_MSI_L0__DS_EPAE_20190923T035508_S20190923T022550_N02.08/S2PDGS-TC-IPF-V2-ORCH-N-016_MPC_SCENARIO/TaskTable_20230629T065443/FORMAT_METADATA_TILE_L1C/output/PDI_DS_TILE_LIST/S2A_OPER_MSI_L1C_TL_S2RP_20230629T065441_A022208_T51SXB_N05.00/" name="Checks if MeasurementFrameSet Classification is correctly defined. " priority="5" processingStatus="done" status="PASSED"/>
                    <message contentType="text/plain">Classification ok for : measurementFrameSet</message>
                </check>
                <check>
                    <inspection creation="2023-06-30T13:51:30.801Z" duration="28" execution="2023-06-30T13:51:30.832Z" id="frameSetCategory" item="S2A_OPER_MSI_L1C_TL_S2RP_20230629T065441_A022208_T51SXB_N05.00" itemURL="/DATA_OUT/S2A_OPER_MSI_L0__DS_EPAE_20190923T035508_S20190923T022550_N02.08/S2PDGS-TC-IPF-V2-ORCH-N-016_MPC_SCENARIO/TaskTable_20230629T065443/FORMAT_METADATA_TILE_L1C/output/PDI_DS_TILE_LIST/S2A_OPER_MSI_L1C_TL_S2RP_20230629T065441_A022208_T51SXB_N05.00/" name="Checks if MeasurementFrameSet Category is correctly defined. " priority="5" processingStatus="done" status="PASSED"/>
                    <message contentType="text/plain">Category ok for : measurementFrameSet</message>
                </check>
                <check>
                    <inspection creation="2023-06-30T13:51:30.865Z" duration="30" execution="2023-06-30T13:51:30.892Z" id="schemaCategory" item="S2A_OPER_MSI_L1C_TL_S2RP_20230629T065441_A022208_T51SXB_N05.00" itemURL="/DATA_OUT/S2A_OPER_MSI_L0__DS_EPAE_20190923T035508_S20190923T022550_N02.08/S2PDGS-TC-IPF-V2-ORCH-N-016_MPC_SCENARIO/TaskTable_20230629T065443/FORMAT_METADATA_TILE_L1C/output/PDI_DS_TILE_LIST/S2A_OPER_MSI_L1C_TL_S2RP_20230629T065441_A022208_T51SXB_N05.00/" name="Checks if Schema Category is correctly defined. " priority="5" processingStatus="done" status="PASSED"/>
                    <message contentType="text/plain">Category ok for : S2_Level-1C_Tile_Schema, Inventory_Metadata_Schema, OLQC_Report_Schema</message>
                </check>
                <check>
                    <inspection creation="2023-06-30T13:51:30.927Z" duration="4" execution="2023-06-30T13:51:30.948Z" id="acquisitionPeriodExists" item="S2A_OPER_MSI_L1C_TL_S2RP_20230629T065441_A022208_T51SXB_N05.00" itemURL="/DATA_OUT/S2A_OPER_MSI_L0__DS_EPAE_20190923T035508_S20190923T022550_N02.08/S2PDGS-TC-IPF-V2-ORCH-N-016_MPC_SCENARIO/TaskTable_20230629T065443/FORMAT_METADATA_TILE_L1C/output/PDI_DS_TILE_LIST/S2A_OPER_MSI_L1C_TL_S2RP_20230629T065441_A022208_T51SXB_N05.00/" name="Checks if Acquisition Period is present. " priority="5" processingStatus="done" status="PASSED"/>
                    <message contentType="text/plain">Acquisition Period exists.</message>
                </check>
                <check>
                    <inspection creation="2023-06-30T13:51:30.970Z" duration="4" execution="2023-06-30T13:51:30.992Z" id="acquisitionPeriodClassification" item="S2A_OPER_MSI_L1C_TL_S2RP_20230629T065441_A022208_T51SXB_N05.00" itemURL="/DATA_OUT/S2A_OPER_MSI_L0__DS_EPAE_20190923T035508_S20190923T022550_N02.08/S2PDGS-TC-IPF-V2-ORCH-N-016_MPC_SCENARIO/TaskTable_20230629T065443/FORMAT_METADATA_TILE_L1C/output/PDI_DS_TILE_LIST/S2A_OPER_MSI_L1C_TL_S2RP_20230629T065441_A022208_T51SXB_N05.00/" name="Checks if Acquisition Period Classification is correctly defined. " priority="5" processingStatus="done" status="PASSED"/>
                    <message contentType="text/plain">Acquisition Period Classification is Ok.</message>
                </check>
                <check>
                    <inspection creation="2023-06-30T13:51:31.000Z" duration="4" execution="2023-06-30T13:51:31.021Z" id="processingExists" item="S2A_OPER_MSI_L1C_TL_S2RP_20230629T065441_A022208_T51SXB_N05.00" itemURL="/DATA_OUT/S2A_OPER_MSI_L0__DS_EPAE_20190923T035508_S20190923T022550_N02.08/S2PDGS-TC-IPF-V2-ORCH-N-016_MPC_SCENARIO/TaskTable_20230629T065443/FORMAT_METADATA_TILE_L1C/output/PDI_DS_TILE_LIST/S2A_OPER_MSI_L1C_TL_S2RP_20230629T065441_A022208_T51SXB_N05.00/" name="Checks if Processing metadata is present. " priority="5" processingStatus="done" status="PASSED"/>
                    <message contentType="text/plain">Processing exists.</message>
                </check>
                <check>
                    <inspection creation="2023-06-30T13:51:31.043Z" duration="26" execution="2023-06-30T13:51:31.069Z" id="indexCategory" item="S2A_OPER_MSI_L1C_TL_S2RP_20230629T065441_A022208_T51SXB_N05.00" itemURL="/DATA_OUT/S2A_OPER_MSI_L0__DS_EPAE_20190923T035508_S20190923T022550_N02.08/S2PDGS-TC-IPF-V2-ORCH-N-016_MPC_SCENARIO/TaskTable_20230629T065443/FORMAT_METADATA_TILE_L1C/output/PDI_DS_TILE_LIST/S2A_OPER_MSI_L1C_TL_S2RP_20230629T065441_A022208_T51SXB_N05.00/" name="Checks if Index Category is correctly defined. " priority="5" processingStatus="done" status="PASSED"/>
                    <message contentType="text/plain">No Index classification in product.</message>
                </check>
                <check>
                    <inspection creation="2023-06-30T13:51:31.100Z" duration="3" execution="2023-06-30T13:51:31.109Z" id="processingCategory" item="S2A_OPER_MSI_L1C_TL_S2RP_20230629T065441_A022208_T51SXB_N05.00" itemURL="/DATA_OUT/S2A_OPER_MSI_L0__DS_EPAE_20190923T035508_S20190923T022550_N02.08/S2PDGS-TC-IPF-V2-ORCH-N-016_MPC_SCENARIO/TaskTable_20230629T065443/FORMAT_METADATA_TILE_L1C/output/PDI_DS_TILE_LIST/S2A_OPER_MSI_L1C_TL_S2RP_20230629T065441_A022208_T51SXB_N05.00/" name="Checks if Processing Category is correctly defined. " priority="5" processingStatus="done" status="PASSED"/>
                    <message contentType="text/plain">Processing Category is Ok.</message>
                </check>
                <check>
                    <inspection creation="2023-06-30T13:51:31.119Z" duration="3" execution="2023-06-30T13:51:31.141Z" id="checkL1CMasks" item="S2A_OPER_MSI_L1C_TL_S2RP_20230629T065441_A022208_T51SXB_N05.00" itemURL="/DATA_OUT/S2A_OPER_MSI_L0__DS_EPAE_20190923T035508_S20190923T022550_N02.08/S2PDGS-TC-IPF-V2-ORCH-N-016_MPC_SCENARIO/TaskTable_20230629T065443/FORMAT_METADATA_TILE_L1C/output/PDI_DS_TILE_LIST/S2A_OPER_MSI_L1C_TL_S2RP_20230629T065441_A022208_T51SXB_N05.00/" name="Masks availability check. " priority="5" processingStatus="done" status="PASSED"/>
                    <message contentType="text/plain">All elements in QI_DATA are present.</message>
                </check>
                <check>
                    <inspection creation="2023-06-30T13:51:42.577Z" duration="0" execution="2023-06-30T13:51:42.584Z" id="Aux_Cams" item="S2A_OPER_MSI_L1C_TL_S2RP_20230629T065441_A022208_T51SXB_N05.00" itemURL="/DATA_OUT/S2A_OPER_MSI_L0__DS_EPAE_20190923T035508_S20190923T022550_N02.08/S2PDGS-TC-IPF-V2-ORCH-N-016_MPC_SCENARIO/TaskTable_20230629T065443/FORMAT_METADATA_TILE_L1C/output/PDI_DS_TILE_LIST/S2A_OPER_MSI_L1C_TL_S2RP_20230629T065441_A022208_T51SXB_N05.00/" name="AUX_CAMS data conformity and completeness check  " priority="5" processingStatus="done" status="PASSED"/>
                    <message contentType="text/plain">AUX_CAMS file is present.</message>
                </check>
                <check>
                    <inspection creation="2023-06-30T13:51:42.588Z" duration="0" execution="2023-06-30T13:51:42.594Z" id="Ecmwf" item="S2A_OPER_MSI_L1C_TL_S2RP_20230629T065441_A022208_T51SXB_N05.00" itemURL="/DATA_OUT/S2A_OPER_MSI_L0__DS_EPAE_20190923T035508_S20190923T022550_N02.08/S2PDGS-TC-IPF-V2-ORCH-N-016_MPC_SCENARIO/TaskTable_20230629T065443/FORMAT_METADATA_TILE_L1C/output/PDI_DS_TILE_LIST/S2A_OPER_MSI_L1C_TL_S2RP_20230629T065441_A022208_T51SXB_N05.00/" name="ECMWF data conformity and completeness check  " priority="5" processingStatus="done" status="PASSED"/>
                    <message contentType="text/plain">ECMWF file is present.</message>
                </check>
                <check>
                    <inspection creation="2023-06-30T13:51:42.598Z" duration="1" execution="2023-06-30T13:51:42.605Z" id="PVI_and_TCI" item="S2A_OPER_MSI_L1C_TL_S2RP_20230629T065441_A022208_T51SXB_N05.00" itemURL="/DATA_OUT/S2A_OPER_MSI_L0__DS_EPAE_20190923T035508_S20190923T022550_N02.08/S2PDGS-TC-IPF-V2-ORCH-N-016_MPC_SCENARIO/TaskTable_20230629T065443/FORMAT_METADATA_TILE_L1C/output/PDI_DS_TILE_LIST/S2A_OPER_MSI_L1C_TL_S2RP_20230629T065441_A022208_T51SXB_N05.00/" name="Check of consistency of PVI  " priority="5" processingStatus="done" status="PASSED"/>
                    <message contentType="text/plain">PVI file is consistent.</message>
                </check>
            </checkList>
        </report>
    </Data_Block>
</Earth_Explorer_File>
