<?xml version="1.0" encoding="UTF-8"?><Earth_Explorer_File xmlns="http://gs2.esa.int/DATA_STRUCTURE/olqcReport">
    <Earth_Explorer_Header>
        <Fixed_Header>
            <File_Name>GRANULE/L1C_T51SXB_A022208_20190923T022550/QI_DATA/GEOMETRIC_QUALITY.xml</File_Name>
            <File_Description>Report produced by OLQC-SC</File_Description>
            <Notes/>
            <Mission>S2A</Mission>
            <File_Class>OPER</File_Class>
            <File_Type>REP_OLQCPA</File_Type>
            <Validity_Period>
                <Validity_Start>UTC=2015-06-22T00:00:00</Validity_Start>
                <Validity_Stop>UTC=2100-01-01T00:00:00</Validity_Stop>
            </Validity_Period>
            <File_Version>2</File_Version>
            <Source>
                <System>OLQC-SC</System>
                <Creator>OLQC-SC</Creator>
                <Creator_Version>06.01.00</Creator_Version>
                <Creation_Date>UTC=2023-06-30T13:51:28</Creation_Date>
            </Source>
        </Fixed_Header>
    </Earth_Explorer_Header>
    <Data_Block type="xml">
        <report date="2023-06-30T13:51:28.682Z" gippVersion="1.0" globalStatus="PASSED">
            <checkList>
                <parentID>S2A_OPER_GIP_OLQCPA_MPC__20220715T000042_V20150622T000000</parentID>
                <name>GEOMETRIC_QUALITY</name>
                <version>1.0</version>
                <item class="http://www.esa.int/s2#pdi_level_1c_tile_container" className="PDI Level 1C Tile Folder" name="S2A_OPER_MSI_L1C_TL_S2RP_20230629T065441_A022208_T51SXB_N05.00" url="/DATA_OUT/S2A_OPER_MSI_L0__DS_EPAE_20190923T035508_S20190923T022550_N02.08/S2PDGS-TC-IPF-V2-ORCH-N-016_MPC_SCENARIO/TaskTable_20230629T065443/FORMAT_METADATA_TILE_L1C/output/PDI_DS_TILE_LIST/S2A_OPER_MSI_L1C_TL_S2RP_20230629T065441_A022208_T51SXB_N05.00/"/>
                <check>
                    <inspection creation="2023-06-30T13:51:27.291Z" duration="1332" execution="2023-06-30T13:51:27.329Z" id="Solar_Angle_Azimuth" item="S2A_OPER_MTD_L1C_TL_S2RP_20230629T065441_A022208_T51SXB.xml" itemURL="/DATA_OUT/S2A_OPER_MSI_L0__DS_EPAE_20190923T035508_S20190923T022550_N02.08/S2PDGS-TC-IPF-V2-ORCH-N-016_MPC_SCENARIO/TaskTable_20230629T065443/FORMAT_METADATA_TILE_L1C/output/PDI_DS_TILE_LIST/S2A_OPER_MSI_L1C_TL_S2RP_20230629T065441_A022208_T51SXB_N05.00/S2A_OPER_MTD_L1C_TL_S2RP_20230629T065441_A022208_T51SXB.xml" name="Check the azimuth solar angle. " priority="5" processingStatus="done" status="PASSED"/>
                    <message contentType="text/plain">Azimuth solar angle (157.561890351401) is in the limit of the threshold (360.0) </message>
                    <extraValues>
                        <value name="EXPECTED">360.0</value>
                        <value name="SOLAR_AZIMUTH_ANGLE">157.561890351401</value>
                    </extraValues>
                </check>
                <check>
                    <inspection creation="2023-06-30T13:51:42.611Z" duration="182" execution="2023-06-30T13:51:42.640Z" id="Granule_Dimensions_60m" item="S2A_OPER_MSI_L1C_TL_S2RP_20230629T065441_A022208_T51SXB_N05.00" itemURL="/DATA_OUT/S2A_OPER_MSI_L0__DS_EPAE_20190923T035508_S20190923T022550_N02.08/S2PDGS-TC-IPF-V2-ORCH-N-016_MPC_SCENARIO/TaskTable_20230629T065443/FORMAT_METADATA_TILE_L1C/output/PDI_DS_TILE_LIST/S2A_OPER_MSI_L1C_TL_S2RP_20230629T065441_A022208_T51SXB_N05.00/" name="Check the 60m consistency of granules/tiles. " priority="5" processingStatus="done" status="PASSED"/>
                    <message contentType="text/plain">60m resolution granules/tiles dimensions are correct.</message>
                </check>
                <check>
                    <inspection creation="2023-06-30T13:51:42.826Z" duration="70" execution="2023-06-30T13:51:42.840Z" id="Granule_Dimensions_20m" item="S2A_OPER_MSI_L1C_TL_S2RP_20230629T065441_A022208_T51SXB_N05.00" itemURL="/DATA_OUT/S2A_OPER_MSI_L0__DS_EPAE_20190923T035508_S20190923T022550_N02.08/S2PDGS-TC-IPF-V2-ORCH-N-016_MPC_SCENARIO/TaskTable_20230629T065443/FORMAT_METADATA_TILE_L1C/output/PDI_DS_TILE_LIST/S2A_OPER_MSI_L1C_TL_S2RP_20230629T065441_A022208_T51SXB_N05.00/" name="Check the 20m consistency of granules/tiles. " priority="5" processingStatus="done" status="PASSED"/>
                    <message contentType="text/plain">20m resolution granules/tiles dimensions are correct.</message>
                </check>
                <check>
                    <inspection creation="2023-06-30T13:51:42.914Z" duration="98" execution="2023-06-30T13:51:42.939Z" id="Granule_Dimensions_10m" item="S2A_OPER_MSI_L1C_TL_S2RP_20230629T065441_A022208_T51SXB_N05.00" itemURL="/DATA_OUT/S2A_OPER_MSI_L0__DS_EPAE_20190923T035508_S20190923T022550_N02.08/S2PDGS-TC-IPF-V2-ORCH-N-016_MPC_SCENARIO/TaskTable_20230629T065443/FORMAT_METADATA_TILE_L1C/output/PDI_DS_TILE_LIST/S2A_OPER_MSI_L1C_TL_S2RP_20230629T065441_A022208_T51SXB_N05.00/" name="Check the 10m consistency of granules/tiles. " priority="5" processingStatus="done" status="PASSED"/>
                    <message contentType="text/plain">10m resolution granules/tiles dimensions are correct.</message>
                </check>
            </checkList>
        </report>
    </Data_Block>
</Earth_Explorer_File>
